Date,Open,High,Low,Close,Adj Close,Volume
2016-1-4,593.31,594.68,587.94,589.91,589.91,34560000
2016-1-5,586.93,589.65,583.06,583.62,583.62,38370000
2016-1-6,582.81,589.97,582.81,589.97,589.97,34670000
2016-1-7,589.12,589.12,577.19,582.3,582.3,53140000
2016-1-8,578.97,579.97,571.96,575.96,575.96,49590000
2016-1-11,574.95,579.24,573.02,573.72,573.72,41350000
2016-1-12,574.23,582.39,574.23,582.39,582.39,37780000
2016-01-13,583.37,584.03,577.29,578.63,578.63,58500000
2016-01-14,571.02,573.73,565.79,569.17,569.17,64770000
2016-01-15,570.33,572.27,555.76,555.76,555.76,58790000
2016-01-18,543.44,543.44,531.92,541.18,541.18,71910000
2016-01-19,541.43,550.29,541.43,550.29,550.29,46670000
2016-01-20,546.69,551.88,543.59,544.24,544.24,54080000
2016-01-21,541.34,548.09,537.88,538.53,538.53,62930000
2016-01-22,541.84,542.4,531.53,539.37,539.37,72570000
2016-01-25,546.87,562.22,546.87,562.19,562.19,61950000
2016-01-26,553.09,560.05,549.32,554.52,554.52,58750000
2016-01-27,558.65,561.94,557.01,558.98,558.98,47280000
2016-01-28,558.65,562.45,555.73,556.86,556.86,43940000
2016-01-29,557.31,562.79,554.63,561.61,561.61,40300000
2016-2-1,562.4,565.79,557.98,557.98,557.98,33490000
2016-2-2,555.13,559.8,553.76,555.09,555.09,26470000
2016-2-3,552.09,556.53,549.01,556.53,556.53,32010000
2016-2-4,560,562.88,559.33,561.22,561.22,24670000
2016-2-5,560.01,565.97,560.01,563.97,563.97,23060000
2016-02-15,558.64,561.48,554.24,559.19,559.19,26540000
2016-02-16,560.98,564.21,560.95,562.32,562.32,41860000
2016-02-17,565.69,567.31,561.1,561.1,561.1,48800000
2016-02-18,564.27,569.38,563.16,566.85,566.85,43460000
2016-02-19,566.68,568.97,565.25,567.51,567.51,72050000
2016-02-22,567.87,576.63,567.87,574.37,574.37,72130000
2016-02-23,579.62,580.05,573.47,573.78,573.78,68990000
2016-02-24,571.54,581.76,570.14,578.87,578.87,61700000
2016-02-25,580.63,583.87,573.02,573.02,573.02,51920000
2016-02-26,574.12,577.73,572.17,577.71,577.71,33430000
2016-02-29,576.98,577.74,570.66,570.66,570.66,43530000
2016-3-1,570.88,576.3,570.88,572.99,572.99,44840000
2016-3-2,575.95,579.61,573.27,579.17,579.17,47270000
2016-3-3,582.26,582.43,578.55,579.11,579.11,46480000
2016-3-4,579.08,583.73,577.53,580.94,580.94,40490000
2016-3-7,582.6,587.91,582.31,582.6,582.6,52730000
2016-3-8,583.29,585.67,582.08,582.54,582.54,50590000
2016-3-9,582.45,585.48,580.52,581.25,581.25,36200000
2016-3-10,582.95,583.79,580.19,583.77,583.77,37820000
2016-3-11,583.93,588.46,582.54,583.89,583.89,48010000
2016-03-14,586.63,587.93,584.06,587.09,587.09,44200000
2016-03-15,586.45,588.05,581.72,583.02,583.02,46020000
2016-03-16,582.95,585.31,581.4,583.79,583.79,50970000
2016-03-17,588.62,590.98,586.37,586.47,586.47,56260000
2016-03-18,587.13,587.92,581.95,581.95,581.95,77600000
2016-03-21,582.85,587.78,579.95,579.95,579.95,52170000
2016-03-22,580.01,580.67,575.68,577.97,577.97,37390000
2016-03-23,577.77,581.74,577.25,580.6,580.6,46640000
2016-03-24,579.84,584.36,577.31,577.31,577.31,44070000
2016-03-25,576.64,579.84,571.71,578.24,578.24,45480000
2016-03-28,578.45,582.82,577.46,582.37,582.37,33120000
2016-03-29,582.87,583.29,575.16,575.16,575.16,42580000
2016-03-30,573.58,579.97,572.16,577.11,577.11,37940000
2016-03-31,575.37,579.44,571.69,571.69,571.69,45360000
2016-4-1,570.7,572.17,566.81,568.27,568.27,39570000
2016-4-4,568.01,570.25,563.05,565.71,565.71,36170000
2016-4-5,565.59,570.43,565.37,570.43,570.43,32930000
2016-4-6,571.47,576.4,569.4,576.4,576.4,29250000
2016-4-7,577.88,580.37,575.09,579.28,579.28,37800000
2016-4-8,578.43,581.39,576.68,578.97,578.97,35500000
2016-4-11,580.79,588.42,580.65,586.78,586.78,46010000
2016-4-12,588.73,590.22,584.75,587.47,587.47,48920000
2016-04-13,587.94,589.03,582.4,584.63,584.63,42440000
2016-04-14,582.4,591.64,582.4,586.21,586.21,39080000
2016-04-15,586.27,591.76,584.47,584.47,584.47,33340000
2016-04-19,584.14,584.42,575.06,575.06,575.06,38490000
2016-04-20,575.42,578.65,572.14,575.35,575.35,40300000
2016-04-21,578.09,584.37,577.19,582.76,582.76,33750000
2016-04-22,582.43,595.48,581.72,595.38,595.38,44770000
2016-04-25,599.85,604.12,594.16,594.16,594.16,47010000
2016-04-26,593.35,601.27,593.35,601.27,601.27,58770000
2016-04-27,603.93,603.93,593.93,597.43,597.43,57830000
2016-04-28,597.87,600.36,593.46,595.63,595.63,33520000
2016-04-29,595.5,603.04,595.19,601.25,601.25,41000000
2016-5-4,600.63,606.88,597.4,602.57,602.57,53000000
2016-5-5,603.68,609.59,603.32,604.69,604.69,43710000
2016-5-6,604.96,610.19,604.7,607.55,607.55,38020000
2016-5-9,610.78,612.82,604.24,604.24,604.24,39070000
2016-5-10,601.23,605.37,597.91,604.56,604.56,40950000
2016-5-11,606.32,611.96,604.25,611.96,611.96,37770000
2016-5-12,613.32,615.57,611.39,612.04,612.04,28990000
2016-05-13,612.64,615.33,608.67,609.97,609.97,39460000
2016-05-16,612.03,615.89,608.96,615.17,615.17,33330000
2016-05-17,619.24,625.12,617.11,622.93,622.93,48930000
2016-05-18,625.18,628.3,622.71,623.92,623.92,42230000
2016-05-19,624.73,625.99,620.11,621.13,621.13,44210000
2016-05-20,621.34,623.19,615.91,616.4,616.4,35390000
2016-05-23,616.81,617.39,612.43,614.45,614.45,24720000
2016-05-24,616.33,616.45,611.94,614.62,614.62,33860000
2016-05-25,614.91,618.61,612.74,612.74,612.74,38580000
2016-05-26,613.05,615.94,607.16,607.16,607.16,31600000
2016-05-27,607.21,612.66,605.16,611,611,29540000
2016-05-30,612.4,617.43,611.83,616.73,616.73,36140000
2016-05-31,618.91,621.3,616.85,617.52,617.52,37020000
2016-6-1,617.69,620.19,617.02,619.38,619.38,35110000
2016-6-2,619.14,622.88,618.1,621.18,621.18,43210000
2016-6-3,622.07,622.65,619.15,621.05,621.05,40280000
2016-6-6,620.61,622.23,615.91,618.88,618.88,42670000
2016-6-7,620.96,624.01,619.59,624.01,624.01,38920000
2016-6-8,624.83,632.6,624.83,630.09,630.09,45580000
2016-6-9,630.34,631.73,627.29,630.66,630.66,38390000
2016-6-10,630.55,634.07,628.4,629.27,629.27,50140000
2016-06-13,626.68,626.92,620.36,621.75,621.75,40160000
2016-06-14,620.01,625.36,617.71,625.36,625.36,29920000
2016-06-15,624.66,625.8,621.06,624.19,624.19,37320000
2016-06-16,625.02,627.46,622.54,622.54,622.54,45730000
2016-06-17,621.15,622.15,615.39,615.75,615.75,80070000
2016-06-20,615.98,624.79,615.98,624.19,624.19,36750000
2016-06-21,627.16,631.02,626.97,626.97,626.97,40130000
2016-06-22,626.53,628.26,623.76,624.18,624.18,30460000
2016-06-23,623.71,627.61,623.09,626.5,626.5,36640000
2016-06-24,625.8,625.8,591.44,612.69,612.69,111980000
2016-06-27,609.64,614.42,601.71,614.42,614.42,38480000
2016-06-28,612.52,616.51,612,614.31,614.31,30150000
2016-06-29,616.09,622.43,616.09,621.39,621.39,46980000
2016-06-30,623.98,626.9,621.52,621.79,621.79,34650000
2016-7-1,623.77,630.61,623.5,626.34,626.34,40600000
2016-7-4,629.19,634.23,629.19,633.57,633.57,51260000
2016-7-5,636.57,641.86,634.43,636.27,636.27,53360000
2016-7-6,632.8,638.29,630.21,636.18,636.18,42780000
2016-7-7,639.9,645.01,638.63,644.52,644.52,44290000
2016-7-8,645.21,648.73,639.67,643.56,643.56,48030000
2016-7-11,643.77,648.37,633.89,636.02,636.02,51210000
2016-7-12,637.69,641.58,633.5,641.58,641.58,47500000
2016-07-13,645.04,657.66,645.04,656.89,656.89,65840000
2016-07-14,657.05,664.43,651.14,651.14,651.14,65680000
2016-07-15,653.75,656.73,649.54,653.63,653.63,49960000
2016-07-18,653.82,662.41,652.51,662.29,662.29,52270000
2016-07-19,664.82,665.11,647.33,654.17,654.17,53470000
2016-07-20,654.45,654.49,645.15,645.15,645.15,49360000
2016-07-21,647.51,650.12,642.22,643.16,643.16,38450000
2016-07-22,642.19,642.35,626.4,634.34,634.34,75630000
2016-07-25,636.37,638.17,631.18,633.21,633.21,35570000
2016-07-26,633.57,636.03,627.97,634.68,634.68,35710000
2016-07-27,634.67,640.41,634.42,639.63,639.63,50120000
2016-07-28,639.58,644.33,636.61,644.33,644.33,51210000
2016-07-29,644,645.39,639.11,639.17,639.17,42970000
2016-8-1,642.04,642.04,633.42,635.41,635.41,37310000
2016-8-2,631.09,631.13,620.85,623.16,623.16,63860000
2016-8-3,620.86,622.4,616.53,619.8,619.8,34010000
2016-8-4,620.42,626.79,617.41,617.41,617.41,43580000
2016-8-5,615.06,615.65,608.84,615.06,615.06,51710000
2016-8-8,614.38,616.97,609.21,614.65,614.65,36310000
2016-8-9,614.16,621.88,614.16,621.43,621.43,36460000
2016-8-10,621.18,633.39,621.18,632.86,632.86,50260000
2016-8-11,634.27,645.1,633.95,645.1,645.1,65390000
2016-8-12,650.55,652.87,638.1,641.11,641.11,56880000
2016-08-15,640.59,645.69,639.08,645.66,645.66,56930000
2016-08-16,647.15,650.45,645.48,646.44,646.44,55430000
2016-08-17,648.34,650.98,645.53,650.82,650.82,53900000
2016-08-18,653.36,656.33,646.59,652.87,652.87,52780000
2016-08-19,657.39,659.43,653.67,654.42,654.42,46600000
2016-08-22,654.43,655.33,647.46,647.46,647.46,52650000
2016-08-23,643.9,651.19,642.5,650.92,650.92,41300000
2016-08-24,651.83,656.93,650.21,650.95,650.95,37970000
2016-08-25,649.51,650.69,646.71,649.06,649.06,42330000
2016-08-26,652.64,659.34,652.64,656.71,656.71,49770000
2016-08-29,660.07,666.02,656.23,656.23,656.23,45930000
2016-08-30,655.39,661.2,654.66,661.2,661.2,36230000
2016-08-31,662.41,666.7,661.32,665.25,665.25,45280000
2016-9-1,665.2,665.2,655.28,659.09,659.09,40970000
2016-9-5,660.24,661.13,652.13,655.08,655.08,50630000
2016-9-6,656.06,659.27,656.02,656.02,656.02,37880000
2016-9-7,655.19,655.75,647.47,654.79,654.79,39080000
2016-9-8,654.53,661.54,654.38,659.25,659.25,56180000
2016-9-9,662.04,663.68,657.64,658.66,658.66,41910000
2016-9-12,657.61,657.61,646.87,651.63,651.63,36830000
2016-09-13,650.41,653.85,647.33,651.8,651.8,34880000
2016-09-14,651.15,652.5,646.93,646.93,646.93,43490000
2016-09-15,646.37,649.97,644.08,645.02,645.02,44220000
2016-09-16,642.29,645.72,639.37,639.37,639.37,112810000
2016-09-19,646.47,648.83,644.23,648.83,648.83,52590000
2016-09-20,648.77,653.66,643.6,653.66,653.66,47260000
2016-09-21,653.67,658.05,652.62,657.44,657.44,59220000
2016-09-22,659.65,665.27,659.36,662.31,662.31,51580000
2016-09-23,662.23,664.31,660.85,664.31,664.31,36180000
2016-09-26,662.79,666.9,661.71,666.1,666.1,35710000
2016-09-27,665.3,671.21,664.47,671.21,671.21,55300000
2016-09-28,670.32,672.92,667.72,669.17,669.17,52730000
2016-09-29,671.39,674.11,668.34,670.3,670.3,46360000
2016-09-30,669.34,670.55,665.65,668.44,668.44,50610000
2016-10-3,668.47,670.52,660.29,662.42,662.42,51800000
2016-10-4,661.77,665.53,657.44,661.89,661.89,54610000
2016-10-5,663.56,665.98,661.76,663.95,663.95,53090000
2016-10-6,665.23,667.15,663.12,663.12,663.12,68400000
2016-10-7,665.31,666.33,654.05,657.54,657.54,53090000
2016-10-10,657.58,657.92,647.17,647.25,647.25,50350000
2016-10-11,649.08,654.88,641.45,654.88,654.88,62450000
2016-10-12,655.03,658.02,652.71,653.25,653.25,46560000
2016-10-13,651.64,658.49,649.63,658.29,658.29,48010000
2016-10-14,656.92,662.05,656.89,657.59,657.59,54680000
2016-10-17,657.08,657.81,650.46,650.46,650.46,45880000
2016-10-18,649.08,653.87,647.77,653.32,653.32,43310000
2016-10-19,654.45,660.77,654.45,659.39,659.39,53930000
2016-10-20,661.11,661.2,655.75,657.15,657.15,48900000
2016-10-21,657.38,658.77,653.71,655.17,655.17,40160000
2016-10-24,654.17,654.17,648.29,648.29,648.29,35940000
2016-10-25,645.32,646.97,640.03,644.91,644.91,48470000
2016-10-26,643.57,645.25,639.07,641.81,641.81,34320000
2016-10-27,641.42,644.18,640.13,644.18,644.18,39580000
2016-10-28,643.66,649.31,642.82,649.27,649.27,52990000
2016-10-31,649.28,649.28,644.22,644.22,644.22,62960000
2016-11-1,643.26,644.7,641.4,643.05,643.05,56540000
2016-11-2,641.56,642.87,636.54,636.54,636.54,74560000
2016-11-3,634.28,634.28,627.9,632.81,632.81,61750000
2016-11-4,632.39,634.5,631.8,632.54,632.54,34040000
2016-11-7,633.03,639.98,632.63,639.91,639.91,43890000
2016-11-8,640,643.43,640,642.01,642.01,32640000
2016-11-9,641.84,641.84,620.35,635.42,635.42,69100000
2016-11-10,640.96,642.88,639.68,641.9,641.9,49780000
2016-11-11,641.8,642.9,639.88,642,642,49790000
2016-11-14,640.06,642.24,634.13,634.13,634.13,59750000
2016-11-15,636.01,639.38,635.2,637.51,637.51,50760000
2016-11-16,638,641.21,637.99,638.72,638.72,49700000
2016-11-17,638.7,639.16,635.32,636.02,636.02,58780000
2016-11-18,635.63,636.61,632.45,634.35,634.35,41890000
2016-11-21,635.82,638.87,634.43,638.87,638.87,46480000
2016-11-22,638.29,643.8,638.29,643.76,643.76,51290000
2016-11-23,643.82,649.65,643.6,647.59,647.59,46660000
2016-11-24,650.52,651.55,645.36,647.47,647.47,55470000
2016-11-25,648.82,648.82,641.7,643.38,643.38,51750000
2016-11-28,640.58,640.75,628.48,630.62,630.62,42240000
2016-11-29,631.22,632.89,623.32,625.78,625.78,53870000
2016-11-30,626.68,632.9,622.12,631.89,631.89,64010000
2016-12-1,633.63,636.43,631.55,631.55,631.55,48280000
2016-12-2,631.81,632.3,628.68,629.64,629.64,49520000
2016-12-5,628.6,629.85,625.32,625.32,625.32,39450000
2016-12-6,625.68,626.15,614.23,616.26,616.26,57840000
2016-12-7,614.64,617.22,614.1,615,615,50500000
2016-12-8,619.03,620.23,616.72,619.45,619.45,36170000
2016-12-9,620.48,621.86,617.29,619.64,619.64,30770000
2016-12-12,616.5,617.89,612.24,612.83,612.83,44370000
2016-12-13,612.52,612.74,606.07,606.71,606.71,49880000
2016-12-14,607,615.26,606.55,615.26,615.26,50770000
2016-12-15,614.83,615.72,610.64,613.25,613.25,48960000
2016-12-16,613.31,621.04,613.27,621.04,621.04,90980000
2016-12-19,622.19,626.78,622.19,623.85,623.85,38640000
2016-12-20,622.59,622.62,615.95,616.74,616.74,33910000
2016-12-21,616.72,620.28,614.13,618.43,618.43,32600000
2016-12-22,619.99,621.87,617.15,618.35,618.35,39020000
2016-12-23,617.58,620.75,615.74,620.75,620.75,30710000
2016-12-26,622.91,624.52,621.71,621.73,621.73,24320000
2016-12-27,622.05,624.17,621.77,623.46,623.46,33540000
2016-12-28,625.55,626.44,623.24,624.83,624.83,41690000
2016-12-29,627.82,627.94,626.3,626.95,626.95,42830000
2016-12-30,625.8,628.21,625.18,628.21,628.21,42150000
2017-1-3,627.65,634.18,627.58,633.89,633.89,41740000
2017-1-4,632.8,635.39,630.46,632.7,632.7,47310000
2017-1-5,633.61,635.33,632.46,634.83,634.83,45030000
2017-1-6,634.56,640.74,634.26,636.34,636.34,58780000
2017-1-9,636.82,640.02,636.82,638.4,638.4,47880000
2017-1-10,639,640.86,638.61,639.36,639.36,37970000
2017-1-11,639.56,643.39,639.52,643.39,643.39,43040000
2017-1-12,644.53,645.14,641.71,642.25,642.25,55960000
2017-01-13,642.21,643.85,640.07,640.07,640.07,38210000
2017-01-16,639.59,640.52,632.7,632.7,632.7,31880000
2017-01-17,633.42,637.54,633.42,637.54,637.54,45190000
2017-01-18,637.09,638.72,633.1,633.1,633.1,38320000
2017-01-19,632.31,634,630.48,631,631,28890000
2017-01-20,632.17,636.39,632.17,634.28,634.28,31970000
2017-01-23,634.81,637.14,634.81,635.42,635.42,31190000
2017-01-24,635.31,640.18,635.31,639.32,639.32,32620000
2017-01-25,640.92,644.79,639.43,644.79,644.79,31170000
2017-2-2,645.72,652.98,645.72,652.98,652.98,35200000
2017-2-3,656.27,657.63,651.18,651.18,651.18,41520000
2017-2-6,652.5,654.03,649.35,654.03,654.03,35400000
2017-2-7,654.24,657.42,653.88,656.48,656.48,50070000
2017-2-8,657.62,657.97,655.12,657.97,657.97,41560000
2017-2-9,658.4,660.08,657.65,658.83,658.83,50150000
2017-2-10,659.12,659.81,657.65,658.78,658.78,43520000
2017-02-13,660.03,662.83,659.32,662.68,662.68,46710000
2017-02-14,664.11,665.24,660.57,663.43,663.43,53470000
2017-02-15,663.43,670.06,663.43,669.08,669.08,52680000
2017-02-16,670.49,676.65,667.47,667.72,667.72,75920000
2017-02-17,667.09,668.76,664.49,668.1,668.1,57270000
2017-02-20,664.9,669.5,663.11,667.56,667.56,69310000
2017-02-21,668.3,673.77,668.3,671.52,671.52,57990000
2017-02-22,671.96,672.43,666.49,668.61,668.61,66150000
2017-02-23,668.69,670.97,662.06,667.42,667.42,54390000
2017-02-24,667.27,668.3,661.37,661.81,661.81,67860000
2017-02-27,659.63,666.64,659.63,666.22,666.22,53160000
2017-02-28,667.17,667.7,657.95,657.95,657.95,37910000
2017-3-1,656.69,657.64,649.45,655.99,655.99,51820000
2017-3-2,655.94,658.71,653.76,653.76,653.76,41820000
2017-3-3,654.36,657.41,650.59,656.77,656.77,39680000
2017-3-6,657.26,660.79,657.26,658.61,658.61,42180000
2017-3-7,658.21,659.9,656.36,659.9,659.9,39890000
2017-3-8,659.64,665.2,658.54,662.48,662.48,36990000
2017-3-9,662.3,666.66,662.04,664.3,664.3,63380000
2017-3-10,664.59,667.49,663.49,663.49,663.49,55050000
2017-03-13,663.86,664.49,659.95,662.67,662.67,32860000
2017-03-14,663.13,667.67,662.82,665.46,665.46,30190000
2017-03-15,666.46,667.42,663.54,663.57,663.57,35480000
2017-03-16,663.85,668.07,663.85,668.07,668.07,58020000
2017-03-17,669.4,671.07,668.35,668.35,668.35,108030000
2017-03-20,672.52,678.78,672.52,676.02,676.02,46720000
2017-03-21,677.14,682.28,677.14,679.69,679.69,78370000
2017-03-22,679.78,685.9,677.96,677.96,677.96,90740000
2017-03-23,677.07,689.32,677.07,689.32,689.32,68420000
2017-03-24,692.52,696.22,689.95,691.76,691.76,97400000
2017-03-27,692.82,695.53,691.38,693.49,693.49,87540000
2017-03-28,693.91,695.04,687.41,688.31,688.31,75180000
2017-03-29,688.57,689.91,685.69,689.91,689.91,70110000
2017-03-30,692.11,696.93,692.11,692.5,692.5,73330000
2017-03-31,693.56,696.97,693.01,693.22,693.22,61350000
2017-4-3,693.42,697.32,693.42,696.73,696.73,70070000
2017-4-4,699.35,702.05,698.49,699.07,699.07,72180000
2017-4-5,697.99,698.88,691.07,691.07,691.07,75790000
2017-4-7,687.09,697.62,685.63,697.62,697.62,83400000
2017-4-10,698.49,699.86,696.66,696.72,696.72,50580000
2017-4-11,696.78,699.4,696.71,697.93,697.93,61690000
2017-4-12,697.92,698.87,689.77,692.4,692.4,76990000
2017-04-13,692.5,693.81,687.72,687.72,687.72,56770000
2017-04-14,686.45,686.45,674.94,678.45,678.45,59120000
2017-04-17,680.27,683.48,669.31,669.31,669.31,48710000
2017-04-18,669.67,675.71,665.35,675.71,675.71,51820000
2017-04-19,675.67,679.69,675.12,679.69,679.69,40460000
2017-04-20,679.43,679.7,674.3,674.3,674.3,32410000
2017-04-21,676.35,677.83,671.95,672.6,672.6,31050000
2017-04-24,671.8,673.13,667.08,667.08,667.08,35450000
2017-04-25,667.96,670.32,665.66,668.58,668.58,28040000
2017-04-26,669.12,673.53,667.96,673.53,673.53,36840000
2017-04-27,673.67,682.41,673.67,681.36,681.36,47240000
2017-04-28,678.59,683.14,677.21,680.49,680.49,61610000
2017-5-3,681.7,684.99,680.95,684.99,684.99,51220000
2017-5-4,684.8,688.75,683.44,686.29,686.29,66800000
2017-5-5,684.95,687.41,684.09,684.17,684.17,45270000
2017-5-8,683.15,684.17,681.06,681.11,681.11,59550000
2017-5-9,680.42,688.08,680.34,688.08,688.08,74910000
2017-5-10,689.07,695.66,689.07,690.53,690.53,58660000
2017-5-11,692.13,693.19,689.69,691.02,691.02,49920000
2017-5-12,691.46,693.85,690.29,690.84,690.84,45700000
2017-05-15,691.33,696.86,691.33,695.22,695.22,51270000
2017-05-16,695.86,698.67,692.91,692.91,692.91,71740000
2017-05-17,692.95,697.47,691.06,696.37,696.37,44660000
2017-05-18,693.93,701.28,693.92,695.3,695.3,57620000
2017-05-19,696.66,702.03,695.53,702.03,702.03,60060000
2017-05-22,707.27,715.28,706.84,710.86,710.86,85450000
2017-05-23,711.96,713.7,708.11,708.62,708.62,63810000
2017-05-24,710.81,719.59,710.27,718.28,718.28,66780000
2017-05-25,718.42,722.06,715.78,716.4,716.4,69060000
2017-05-26,716.24,719.36,716.07,718.87,718.87,52300000
2017-05-29,723.27,725.2,721.92,722.26,722.26,67600000
2017-05-30,722.82,723.54,711.48,711.48,711.48,70920000
2017-05-31,712.02,719.32,709.73,713.43,713.43,55600000
2017-6-1,713.63,719.76,713.63,719.76,719.76,41830000
2017-6-2,720.39,720.75,715.7,718.33,718.33,43040000
2017-6-5,719.05,724.35,719.05,721.74,721.74,51860000
2017-6-6,722.59,732.69,722.59,732.69,732.69,69350000
2017-6-7,736.17,739.51,734.95,737.18,737.18,66900000
2017-6-8,737.75,740.25,734.03,737.52,737.52,55370000
2017-6-9,738.47,743.9,738.47,740.2,740.2,56510000
2017-6-12,740.65,742,735.26,736.86,736.86,45620000
2017-06-13,737.03,741.39,734.53,741.39,741.39,48570000
2017-06-14,744.42,748.04,743.67,745.53,745.53,67560000
2017-06-15,746.87,750.71,744.58,746.59,746.59,63720000
2017-06-16,751.5,751.5,748.08,750.07,750.07,96610000
2017-06-19,754.03,757.5,753.36,757.5,757.5,65740000
2017-06-20,759.73,761.04,756.77,759.67,759.67,58500000
2017-06-21,758.49,759.84,749.47,759.84,759.84,69940000
2017-06-22,759.65,761.62,757.13,757.94,757.94,57510000
2017-06-23,757.44,758.98,752.69,758.24,758.24,49700000
2017-06-26,759.9,762.27,757.98,760.8,760.8,48280000
2017-06-27,761.96,761.96,754.23,755.07,755.07,65320000
2017-06-28,754.16,757.1,751.2,757.1,757.1,53180000
2017-06-29,759.13,763.14,758.94,761.21,761.21,48070000
2017-06-30,763.63,766.29,763,765.41,765.41,61310000
2017-7-3,765.52,770.56,765.52,765.8,765.8,63170000
2017-7-4,765.88,767.28,760.9,763.92,763.92,62770000
2017-7-5,764.91,765.87,761.28,765.87,765.87,48990000
2017-7-6,768.8,771.13,768.37,770.58,770.58,65780000
2017-7-7,771.89,771.98,761.61,761.61,761.61,72860000
2017-7-10,761.69,761.69,748.06,750.79,750.79,66980000
2017-7-11,750.4,753.2,743.13,752.75,752.75,55320000
2017-7-12,756.08,758.72,752.27,757.57,757.57,49810000
2017-07-13,759.8,761.36,755.81,761.36,761.36,47470000
2017-07-14,762.77,764.53,759.01,759.97,759.97,46730000
2017-07-17,758.53,758.74,741.66,745.59,745.59,68030000
2017-07-18,739.25,743,733.6,741.32,741.32,54150000
2017-07-19,745.44,745.73,737.77,737.77,737.77,45710000
2017-07-20,735.45,736.64,732.08,736.64,736.64,47890000
2017-07-21,737.37,739.48,728.47,728.47,728.47,45320000
2017-07-24,727.57,730.86,723.45,729.54,729.54,31950000
2017-07-25,727.79,737.93,727.79,737.93,737.93,36620000
2017-07-26,739.68,745.84,736.34,745.79,745.79,43750000
2017-07-27,744.5,747.08,741.96,743.7,743.7,34690000
2017-07-28,742.77,749.86,742.2,749.86,749.86,49470000
2017-07-31,748.88,756.24,747.61,756.24,756.24,68480000
2017-8-1,755.5,758.81,754.64,758.36,758.36,52340000
2017-8-2,753.85,759.52,750.75,756.04,756.04,60070000
2017-8-3,755.7,761.17,755.7,757.88,757.88,56570000
2017-8-4,757.79,761.44,757.79,761.44,761.44,44280000
2017-8-7,762.13,766.12,761.2,763.08,763.08,43390000
2017-8-8,764.7,764.7,757.47,758.42,758.42,43870000
2017-8-9,755.32,755.32,741.36,741.36,741.36,61760000
2017-8-10,737.72,745.34,737.72,743.42,743.42,39800000
2017-8-11,742.18,746.42,739.3,744.99,744.99,44930000
2017-08-14,744.72,751.39,744.45,751.39,751.39,33530000
2017-08-15,752.13,752.25,744.93,746.07,746.07,33670000
2017-08-16,746.07,749.37,741.57,749.37,749.37,43680000
2017-08-17,749.35,750.58,743.2,743.2,743.2,46160000
2017-08-18,739.31,745.91,738.33,744.3,744.3,33250000
2017-08-21,744.23,744.96,741.68,743.66,743.66,29390000
2017-08-22,743.86,743.86,736.88,738.2,738.2,30050000
2017-08-23,739.46,743.1,736.71,743.1,743.1,26210000
2017-08-24,743.23,749.82,742.34,747.72,747.72,33630000
2017-08-25,746.87,751.14,746.87,751.14,751.14,32780000
2017-08-28,751.59,758.02,749.2,758.02,758.02,42760000
2017-08-29,757.84,758.76,754.59,754.59,754.59,44550000
2017-08-30,756.49,764.57,755.32,764.57,764.57,34230000
2017-08-31,765.47,772.91,764.22,770.08,770.08,52330000
2017-9-1,770.97,774.76,770.39,774.06,774.06,35510000
2017-9-5,775.28,778.71,771.68,777.02,777.02,36890000
2017-9-6,776.87,777.99,772.63,776.97,776.97,36720000
2017-9-7,777.16,780.54,776,779.2,779.2,41320000
2017-9-8,780.62,786.85,780.18,784.74,784.74,36360000
2017-9-11,785.06,789.53,779.58,779.58,779.58,37680000
2017-9-12,777.55,783.58,775.81,782.54,782.54,40950000
2017-09-13,785.46,786.96,783.56,786.43,786.43,37970000
2017-09-14,786.82,793.16,786.82,789.41,789.41,40610000
2017-09-15,786.22,789.88,784.49,789.49,789.49,47590000
2017-09-18,792.16,795.32,789.83,793.7,793.7,44590000
2017-09-19,794.15,797.54,792.68,792.68,792.68,42240000
2017-09-20,793.93,793.98,789.43,790.48,790.48,33850000
2017-09-21,790.46,791,786,786.41,786.41,38420000
2017-09-22,786.51,791.65,785.99,789.7,789.7,37750000
2017-09-25,789.81,791.16,785.69,789.89,789.89,35490000
2017-09-26,791.03,791.05,785.24,791.05,791.05,45390000
2017-09-27,788.02,791.43,787.61,788.31,788.31,34120000
2017-09-28,788.15,795.95,788.15,790.75,790.75,44990000
2017-09-29,791.4,797.26,791.4,792.72,792.72,36410000
2017-10-2,793.64,796.03,790.37,790.7,790.7,28270000
2017-10-3,791.71,793.19,785.1,787.02,787.02,35760000
2017-10-4,786.17,795.76,786.12,795.76,795.76,30910000
2017-10-5,797.41,801.36,796.71,797.42,797.42,48800000
2017-10-6,797.82,800.73,796.23,800.42,800.42,35230000
2017-10-9,802.89,803.23,798.96,801.49,801.49,36340000
2017-10-10,800.23,805.3,798.63,805.3,805.3,38310000
2017-10-11,804.84,810.12,804.48,806.83,806.83,51020000
2017-10-12,807.63,813.21,806.65,809.6,809.6,43690000
2017-10-13,807.9,815.47,807.45,815.47,815.47,36090000
2017-10-16,815.27,817.72,811.39,811.85,811.85,43240000
2017-10-17,811.73,818.48,811.24,818.48,818.48,47570000
2017-10-18,819.36,821.29,815.06,816.84,816.84,54130000
2017-10-19,817.62,821.08,815.29,817.39,817.39,46210000
2017-10-20,816.99,821.54,813.38,813.99,813.99,47720000
2017-10-23,811.49,813.23,806.58,809.36,809.36,43370000
2017-10-24,807.6,815.24,804.43,815.24,815.24,33010000
2017-10-25,816.05,821.61,812.98,821.45,821.45,33410000
2017-10-26,820.01,825.9,815.16,822.53,822.53,38750000
2017-10-27,823.16,834.91,820.16,834.91,834.91,37050000
2017-10-30,835.33,841.32,835.33,837.52,837.52,51100000
2017-10-31,836.65,839.79,829.72,831.62,831.62,38090000
2017-11-1,832.1,835.44,831.63,835.38,835.38,47550000
2017-11-2,835.36,843.34,826.71,827.66,827.66,48550000
2017-11-3,828.44,840.04,826.59,840.04,840.04,41460000
2017-11-6,842.91,845.67,839.88,844.73,844.73,50110000
2017-11-7,846.17,850.69,842.67,846.03,846.03,48620000
2017-11-8,849.56,856.47,848.23,853.57,853.57,60190000
2017-11-9,857.26,858.93,852.06,853.05,853.05,48700000
2017-11-10,850.25,861.36,850.1,858.55,858.55,59480000
2017-11-13,861,868.58,861,868.11,868.11,56420000
2017-11-14,868.59,873.74,861.96,871.08,871.08,55710000
2017-11-15,870.85,880.72,868.75,877.58,877.58,53390000
2017-11-16,875.2,890.01,875.2,890.01,890.01,57890000
2017-11-17,890.49,897.39,882.81,887.41,887.41,53200000
2017-11-20,886.49,899.31,883.7,899.31,899.31,46450000
2017-11-21,902.76,923.57,902.76,910.54,910.54,73810000
2017-11-22,912.46,922.18,909.95,922.18,922.18,71920000
2017-11-23,926.83,933.45,916.61,922.92,922.92,68970000
2017-11-24,920.32,928.41,914.95,926.21,926.21,57990000
2017-11-27,923.8,939.36,923,930.9,930.9,61670000
2017-11-28,931.21,935.97,926.12,935.74,935.74,54900000
2017-11-29,938.18,946.55,934.64,946.55,946.55,67070000
2017-11-30,951.06,955.17,943.05,943.05,943.05,70830000
2017-12-1,943.08,953.22,943.08,952.46,952.46,49060000
2017-12-4,954.31,968.53,954.31,966.44,966.44,76810000
2017-12-5,968.58,970.35,944.07,944.07,944.07,80810000
2017-12-6,940.82,941.32,919.99,939.06,939.06,75800000
2017-12-7,942.07,945.52,923.23,928.74,928.74,50050000
2017-12-8,928.32,935.51,920.97,930.25,930.25,43800000
2017-12-11,928.39,928.39,908.29,908.29,908.29,49030000
2017-12-12,919.04,922.24,883.52,914.82,914.82,73930000
2017-12-13,919.58,920.38,911.01,913.33,913.33,39790000
2017-12-14,913.3,928.21,913.3,928.21,928.21,34120000
2017-12-15,925.65,933.09,925.2,926.7,926.7,61770000
2017-12-18,937.81,950.81,937.64,950.81,950.81,52510000
2017-12-19,955.99,959.33,947.24,947.62,947.62,55560000
2017-12-20,947.51,954.96,942.07,948.78,948.78,52770000
2017-12-21,944.9,953.26,936.53,936.53,936.53,50100000
2017-12-22,939.48,946.01,937.75,945.88,945.88,49830000
2017-12-25,947.06,950.64,944.77,949.28,949.28,34740000
2017-12-26,951.27,955.81,948.68,955.73,955.73,43580000
2017-12-27,957.76,962.33,955.14,958.02,958.02,65130000
2017-12-28,960.38,968.4,957.19,966.91,966.91,54600000
2017-12-29,968.28,980.47,967.2,975.52,975.52,65830000
2018-1-2,977.2,992.72,975.49,992.72,992.72,74430000
2018-1-3,996.23,1011.84,995.74,1004.66,1004.66,86290000
2018-1-4,1007.6,1014.17,1006.96,1014.15,1014.15,91540000
2018-1-5,1014.42,1014.42,1005.1,1007.73,1007.73,86910000
2018-1-8,1006.25,1023.5,1000.29,1023.5,1023.5,107210000
2018-1-9,1028.05,1040.58,1019.52,1039.64,1039.64,121150000
2018-1-10,1040.61,1047.59,1033.54,1039.7,1039.7,143070000
2018-1-11,1039.7,1050.23,1031.43,1047.2,1047.2,92980000
2018-1-12,1050.08,1058.2,1044.85,1049.86,1049.86,125710000
2018-01-15,1050.35,1063.11,1042.64,1063.11,1063.11,105740000
2018-01-16,1056.95,1063.46,1047.9,1061.78,1061.78,117060000
2018-01-17,1060.36,1061.49,1030,1030,1030,109080000
2018-01-18,1028.39,1048.56,1013.11,1048.56,1048.56,105770000
2018-01-19,1050.01,1062.13,1046.92,1053.47,1053.47,113280000
2018-01-22,1059.2,1084.09,1059.19,1082.71,1082.71,91780000
2018-01-23,1059.2,1084.09,1059.19,1082.71,1082.71,91780000
2018-01-25,1093.49,1109.98,1088.69,1095.52,1095.52,174650000
2018-01-26,1096.09,1112.59,1088,1104.42,1104.42,94380000
2018-01-29,1108.98,1118.08,1095.75,1096.78,1096.78,108390000
2018-01-30,1087.57,1099.16,1078.98,1099.16,1099.16,105160000
2018-01-31,1097.38,1113.37,1094.77,1095.9,1095.9,104400000
2018-2-1,1098.3,1098.3,1076.09,1086.9,1086.9,84200000
2018-2-2,1087.24,1090.4,1075.65,1090.4,1090.4,66560000
2018-2-5,1081.7,1081.7,1035.02,1035.02,1035.02,92450000
2018-2-6,1013.7,1015.56,969.01,1007.72,1007.72,144850000
2018-2-7,1034.76,1040.23,1025.3,1030.91,1030.91,64850000
2018-2-8,1024.13,1031.98,1013.56,1013.56,1013.56,45310000
2018-2-9,983.6,996.77,966.78,996.77,996.77,64740000
2018-2-12,1001.7,1034.76,1001.7,1034.76,1034.76,56580000
2018-02-13,1043.44,1055.86,1043.44,1054.09,1054.09,52960000
2018-02-21,1064.55,1081.82,1063.73,1075.47,1075.47,74170000
2018-02-22,1068.84,1078.48,1063.46,1064.28,1064.28,85110000
2018-02-23,1073.56,1089.96,1068.75,1089.96,1089.96,85270000
2018-02-26,1101.66,1113.01,1099.71,1099.71,1099.71,97630000
2018-02-27,1108.87,1110.11,1094.17,1106.09,1106.09,76580000
2018-02-28,1096.3,1113.59,1095.98,1108.23,1108.23,102130000
2018-3-1,1106.03,1116.79,1098.51,1105.84,1105.84,94020000
2018-3-2,1095.31,1109.51,1092.18,1106.92,1106.92,73540000
2018-3-5,1113.71,1116.8,1080.83,1080.83,1080.83,105070000
2018-3-6,1091.98,1103.31,1075.78,1103.31,1103.31,74500000
2018-3-7,1102.85,1106.89,1084.53,1092.17,1092.17,71110000
2018-3-8,1092.29,1109.29,1091.7,1105.03,1105.03,48220000
2018-3-9,1107.83,1117.9,1102.07,1106.54,1106.54,65730000
2018-3-12,1106.54,1116.38,1104.85,1106.97,1106.97,73670000
2018-03-13,1106.97,1112.98,1098.58,1111.38,1111.38,77320000
2018-03-14,1111.58,1121.74,1111.58,1115,1115,84860000
2018-03-15,1114.89,1114.9,1105.26,1110.26,1110.26,72270000
2018-03-16,1112.44,1118.36,1109.85,1112.93,1112.93,108040000
2018-03-19,1117.13,1134.75,1117.13,1130.26,1130.26,72810000
2018-03-20,1130.09,1139.23,1126,1134.19,1134.19,69640000
2018-03-21,1134.79,1148.64,1134.79,1147.26,1147.26,77060000
2018-03-22,1147.9,1159.37,1144.44,1144.58,1144.58,71820000
2018-03-23,1144.18,1144.18,1113.7,1128.93,1128.93,95730000
2018-03-26,1129.05,1151.32,1123.9,1146.73,1146.73,69780000
2018-03-27,1146.86,1162.35,1146.86,1150.3,1150.3,60430000
2018-03-28,1150.33,1158.75,1144.71,1151.09,1151.09,41770000
2018-03-29,1151.65,1155.65,1141.65,1144.74,1144.74,39960000
2018-03-30,1144.74,1154.59,1136.2,1153.08,1153.08,49200000
2018-4-2,1153.11,1174.13,1153.11,1171.21,1171.21,64580000
2018-4-3,1171.89,1173.18,1156.91,1160.97,1160.97,73020000
2018-4-4,1161.24,1176.22,1161.24,1165.75,1165.75,59710000
2018-4-5,1165.75,1175.64,1163.76,1169.12,1169.12,49970000
2018-4-6,1169.12,1180.6,1169.12,1174.37,1174.37,74390000
2018-4-9,1174.02,1181.58,1169.56,1177.68,1177.68,79980000
2018-4-10,1177.68,1185.06,1161.71,1168.06,1168.06,77680000
2018-4-11,1168.41,1172.44,1137.2,1137.2,1137.2,87630000
2018-4-12,1136.76,1143.5,1121.47,1143.5,1143.5,63710000
2018-04-13,1146.67,1153.95,1131.61,1134.21,1134.21,64880000
2018-04-16,1133,1136.8,1122.26,1128.03,1128.03,49040000
2018-04-17,1128.11,1136.17,1119.7,1130.32,1130.32,47630000
2018-04-18,1131.56,1136.98,1115.18,1115.7,1115.7,45880000
2018-04-19,1114.98,1115,1066.09,1066.09,1066.09,75220000
2018-04-20,1066.33,1089.62,1047.71,1089.45,1089.45,56320000
2018-04-23,1091.18,1098.58,1055.37,1055.37,1055.37,67290000
2018-04-24,1055.24,1060.92,1027.74,1053.99,1053.99,67320000
2018-04-26,1055.95,1057.2,1011.51,1018.97,1018.97,78320000
2018-04-27,1018.06,1029.36,1007.39,1027.97,1027.97,60640000
2018-5-2,1029.76,1033.2,1009.98,1012.84,1012.84,57650000
2018-5-3,1011.83,1012.12,989,1010.35,1010.35,74960000
2018-5-4,1012.44,1023.16,1006.99,1010.89,1010.89,46200000
2018-5-7,1010.99,1048.03,1010.99,1048.03,1048.03,52320000
2018-5-8,1047.88,1059.68,1042.59,1047.83,1047.83,53710000
2018-5-9,1047.83,1058.09,1037.1,1046.39,1046.39,41450000
2018-5-10,1046.9,1047.5,1009.79,1019.69,1019.69,59660000
2018-5-11,1019.69,1031.77,1003.47,1030.79,1030.79,55930000
2018-05-14,1031.18,1051.45,1029.92,1051.45,1051.45,43660000
2018-05-15,1055.82,1067.61,1052.16,1055.49,1055.49,47150000
2018-05-16,1055.31,1055.31,1031.33,1034.3,1034.3,39850000
2018-05-17,1034.2,1035.45,1007.09,1007.09,1007.09,42810000
2018-05-18,1007.05,1023.23,989.2,1022.21,1022.21,46160000
2018-05-21,1023.28,1027.85,997.21,997.21,997.21,40480000
2018-05-22,996.19,996.19,947.7,958.95,958.95,64670000
2018-05-23,957.72,973.07,945.01,968.54,968.54,52820000
2018-05-24,968.93,974.17,951.17,960.55,960.55,44000000
2018-05-25,958.74,960.57,936.32,936.32,936.32,49220000
2018-05-28,932,932,894.31,898,898,73640000
2018-05-29,897.13,932.82,881.91,924.9,924.9,64470000
2018-05-30,924.9,925.18,902,918.64,918.64,53180000
2018-05-31,917.94,950.49,914.57,947.31,947.31,67380000
2018-6-1,949.13,970.81,948.69,969.15,969.15,68490000
2018-6-4,970.81,997,970.81,996.67,996.67,59530000
2018-6-5,996.67,1008.83,996.15,1007.32,1007.32,65890000
2018-6-6,1007.51,1023.38,995.29,1022.72,1022.72,60800000
2018-6-7,1023.95,1034.72,1020.77,1026.75,1026.75,60340000
2018-6-8,1026.76,1028.42,1017.9,1025.87,1025.87,46070000
2018-6-11,1025.71,1034.85,1016.22,1024.85,1024.85,49970000
2018-6-12,1021.02,1021.02,989.53,1008.76,1008.76,79030000
2018-06-13,1008.32,1019.32,1005.58,1018.59,1018.59,34760000
2018-06-14,1018.07,1022.95,1004.31,1004.31,1004.31,43470000
2018-06-15,1004.14,1005.71,994.38,1005.04,1005.04,55840000
2018-06-18,1004.97,1006.58,970.35,970.35,970.35,51490000
2018-06-19,970.06,970.06,919.09,945.11,945.11,87420000
2018-06-20,945.3,966.86,936.83,966.86,966.86,39850000
2018-06-21,966.91,966.91,950.06,955.75,955.75,30310000
2018-06-22,954.7,974.42,945.59,973.05,973.05,39420000
2018-06-25,973.45,989.18,973.45,982.09,982.09,34370000
2018-06-26,981.97,981.97,959.29,973.9,973.9,24310000
2018-06-27,973.89,976.93,961.29,961.29,961.29,31800000
2018-06-28,962.93,967.28,943.12,947.03,947.03,47410000
2018-06-29,947.03,951.74,939.7,947.55,947.55,35640000
2018-7-2,945.94,945.94,917.8,930.12,930.12,54620000
2018-7-3,930.12,931.12,891.97,891.97,891.97,67910000
2018-7-4,892.01,901.64,880.37,900.89,900.89,44420000
2018-7-5,901.25,905.51,875.17,883.77,883.77,44760000
2018-7-6,880.17,910.14,870.34,905.62,905.62,58310000
2018-7-9,905.97,916.84,896.79,898.73,898.73,40290000
2018-7-10,898.09,906.25,897.96,897.96,897.96,33120000
2018-7-11,894.16,894.16,871.22,881.14,881.14,53410000
2018-7-12,877.68,893.15,870.53,883.87,883.87,33200000
2018-07-13,886.17,902.14,886.17,899.45,899.45,38300000
2018-07-16,901.68,910.82,897.03,904.18,904.18,36480000
2018-07-17,903.87,915.53,892.39,915.53,915.53,44270000
2018-07-18,915.69,935.42,915.23,935.42,935.42,54820000
2018-07-19,935.54,946.39,934.2,941.09,941.09,47890000
2018-07-20,941.09,941.41,926.5,926.5,926.5,56210000
2018-07-23,927.01,945.13,926.56,931.31,931.31,64550000
2018-07-24,931.2,932.83,916.19,923.53,923.53,52020000
2018-07-25,923.55,931.55,915.68,915.68,915.68,46050000
2018-07-26,915.7,921.33,907.6,921.33,921.33,45650000
2018-07-27,923.02,930.57,918.37,927.19,927.19,42560000
2018-07-30,927.36,940.25,927.36,939.6,939.6,49710000
2018-07-31,938.73,948.38,934.39,944.38,944.38,60280000
2018-8-1,944.31,947.08,935.63,939.31,939.31,46100000
2018-8-2,939.85,939.85,924.38,937.86,937.86,51680000
2018-8-3,938.51,949.93,938.51,941.12,941.12,43960000
2018-8-6,941.13,943.98,935.75,939.84,939.84,40730000
2018-8-7,939.81,941.63,933.77,936.92,936.92,41890000
2018-8-8,937.69,946.07,937.58,945.89,945.89,42900000
2018-8-9,945.78,954.38,942.83,943.91,943.91,60490000
2018-8-10,942.85,948.69,936.44,948.32,948.32,42920000
2018-08-13,946.75,960.02,941.95,960.02,960.02,82540000
2018-08-14,960.29,968.62,959.23,965.6,965.6,57360000
2018-08-15,965.61,969.8,947.78,947.82,947.82,62330000
2018-08-16,946.91,950.18,932.27,950.18,950.18,63720000
2018-08-17,950.18,959.39,949.23,949.23,949.23,45070000
2018-08-20,949.23,952.16,942.33,945.65,945.65,55600000
2018-08-21,946.55,955.27,944.88,955.27,955.27,47810000
2018-08-22,956,963.17,956,959.63,959.63,50600000
2018-08-23,960.09,963.91,957.98,960.94,960.94,42650000
2018-08-24,960.22,963.09,955.16,960.42,960.42,56890000
2018-08-27,960.43,969.97,960.43,966.55,966.55,64180000
2018-08-28,966.34,972.4,966.34,971.01,971.01,60470000
2018-08-29,971.12,972.32,964,964.99,964.99,44590000
2018-08-30,964.99,975.43,960.86,975.43,975.43,54010000
2018-08-31,975.48,979.11,969.23,969.23,969.23,59640000
2018-9-4,969.23,971.3,951.14,951.14,951.14,51820000
2018-9-5,951.09,953.37,938.53,941,941,53500000
2018-9-6,941,944.73,931.99,932.12,932.12,45110000
2018-9-7,932.1,945.59,931.19,945.59,945.59,46810000
2018-9-10,945.04,948.31,942.68,943.31,943.31,50010000
2018-9-11,943.67,959.09,940.78,958.91,958.91,47920000
2018-9-12,959.2,967.78,958.67,958.67,958.67,55990000
2018-09-13,958.63,963.72,955.64,957.17,957.17,48960000
2018-09-14,958.01,965.23,958.01,960.33,960.33,57050000
2018-09-17,960.33,960.94,951.38,953.79,953.79,43730000
2018-09-18,953.45,959.75,945.93,959.75,959.75,58890000
2018-09-19,960.01,969.34,960.01,962.7,962.7,66980000
2018-09-20,962.7,971.48,962.26,971.18,971.18,56330000
2018-09-21,971.12,978.77,968.73,974.43,974.43,117100000
2018-09-24,974.47,986.3,974.47,985.59,985.59,55250000
2018-09-25,985.57,988.23,980.44,985.11,985.11,53100000
2018-09-26,985.26,989.54,980.8,984.39,984.39,60310000
2018-09-27,985.28,992.1,984.15,989.45,989.45,51370000
2018-09-28,989.98,996.6,989.98,994.73,994.73,89440000
2018-10-1,994.76,1001.14,990,990.41,990.41,81260000
2018-10-2,990.26,992.77,984.54,987.88,987.88,66200000
2018-10-3,987.46,992.87,986.16,990.6,990.6,57100000
2018-10-4,990.49,993.78,989.06,993.61,993.61,74040000
2018-10-5,993.61,993.61,980.75,980.75,980.75,74560000
2018-10-8,979.27,979.27,968.61,970.28,970.28,71310000
2018-10-9,970.21,974.29,966.68,967.37,967.37,63820000
2018-10-10,967.37,970.51,961.7,966.27,966.27,63520000
2018-10-11,959.12,959.12,911.69,920.02,920.02,136880000
2018-10-12,918.83,943.73,908.74,943.49,943.49,78660000
2018-10-15,943.51,943.62,927.6,928.55,928.55,41830000
2018-10-16,928.46,939.41,926.96,939.41,939.41,42660000
2018-10-17,940.29,949.41,940.29,945.91,945.91,51480000
2018-10-18,945.92,945.92,936.22,937.54,937.54,45080000
2018-10-19,937.47,937.47,920.28,931.69,931.69,47140000
2018-10-22,931.66,938.02,922.75,922.75,922.75,41150000
2018-10-23,919.49,919.49,893.34,908,908,72790000
2018-10-24,908,909.4,896.5,896.5,896.5,48110000
2018-10-25,896.39,896.39,860.13,888.86,888.86,56980000
2018-10-26,890.71,897.48,881.06,881.06,881.06,45670000
2018-10-29,881.06,881.87,870.36,874.43,874.43,41650000
2018-10-30,872.69,881.83,868.29,874.06,874.06,37880000
2018-10-31,874.06,901.93,874.06,901.57,901.57,60480000
2018-11-1,901.57,901.57,885.58,887.72,887.72,39450000
2018-11-2,889.81,905.65,889.81,903.43,903.43,55630000
2018-11-5,903.24,904.83,894.88,904.83,904.83,33820000
2018-11-6,905.34,909.19,899.61,899.61,899.61,37080000
2018-11-7,900.47,903.15,892.79,899.25,899.25,45540000
2018-11-8,901.42,909.69,899.65,900.4,900.4,31120000
2018-11-9,900.4,900.4,885.65,885.65,885.65,38610000
2018-11-12,883.49,889.06,875.29,888.2,888.2,33820000
2018-11-13,888.2,888.2,873.87,873.87,873.87,39560000
2018-11-14,873.87,880.65,868.63,871.55,871.55,46150000
2018-11-15,871.55,874.87,859.86,864.98,864.98,42380000
2018-11-16,865.03,874.94,863.89,869.24,869.24,40660000
2018-11-19,869.24,888.76,869.24,888.76,888.76,39850000
2018-11-20,886.36,893.09,883.8,893.09,893.09,43540000
2018-11-21,888.54,897.1,880.83,897.1,897.1,38920000
2018-11-22,897.28,900.77,896.18,898.9,898.9,39230000
2018-11-23,898.05,899.37,889.78,890.62,890.62,37260000
2018-11-26,889.88,896.12,886.76,895.05,895.05,25040000
2018-11-27,895.07,903.78,893.96,895.3,895.3,32750000
2018-11-28,894.66,901.4,894.27,901.4,901.4,29500000
2018-11-29,901.48,910.48,897.58,897.58,897.58,40280000
2018-11-30,897.48,898.69,890.41,894.79,894.79,54630000
2018-12-3,896.5,921.72,896.5,921.72,921.72,63630000
2018-12-4,921.74,929.33,920.2,927.46,927.46,52510000
2018-12-5,927.39,928.9,915.9,925.68,925.68,61080000
2018-12-6,925.58,928.64,916.63,922.86,922.86,55210000
2018-12-7,923.9,933.29,923.9,929.59,929.59,51430000
2018-12-10,928.96,928.96,921.59,922.82,922.82,48780000
2018-12-11,922.58,925.43,915.68,922.34,922.34,43570000
2018-12-12,922.43,927.7,922.41,927.7,927.7,37560000
2018-12-13,928.21,935.33,927.92,928.9,928.9,46590000
2018-12-14,928.84,928.84,918.19,918.79,918.79,48410000
2018-12-17,914.97,914.97,901.33,901.41,901.41,47290000
2018-12-18,901.31,901.31,881.76,890.68,890.68,52310000
2018-12-19,890.78,891.69,877.63,882.79,882.79,52150000
2018-12-20,880.4,883.76,876.15,877.03,877.03,38050000
2018-12-21,877.02,877.02,866.09,873.09,873.09,45670000
2018-12-24,873.14,879.74,872.99,873.64,873.64,31110000
2018-12-25,873.56,873.56,850.33,865.69,865.69,51480000
2018-12-26,865.69,867.88,860.52,861.02,861.02,32710000
2018-12-27,861.53,872.73,861.53,865.45,865.45,35750000
2018-12-28,866.04,868.62,854.99,854.99,854.99,38260000
2019-1-2,854.99,864.64,852.79,855.66,855.66,34100000
2019-1-3,855.66,856.21,834.81,838.79,838.79,50050000
2019-1-4,838.79,842.05,821.83,840.17,840.17,37440000
2019-1-7,840.17,858.69,840.17,851.41,851.41,30670000
2019-1-8,851.2,852.92,841.86,845.43,845.43,27920000
2019-1-9,845.53,856.87,845.25,855.51,855.51,37200000
2019-1-10,855.39,859.93,852.96,857.95,857.95,32830000
2019-1-11,857.84,862.88,857.67,860.3,860.3,34660000
2019-01-14,860.4,860.4,854.71,859.42,859.42,32410000
2019-01-15,859.42,865.26,856.04,865.1,865.1,33590000
2019-01-16,865,868.41,861.18,864.29,864.29,33030000
2019-01-17,864.15,864.15,853.34,853.34,853.34,31740000
2019-01-18,853.34,859.95,853.34,854.79,854.79,28300000
2019-01-21,855,865.59,855,864.1,864.1,46180000
2019-01-22,864.1,865.92,859.09,859.17,859.17,36100000
2019-01-23,859.26,864.83,856.77,861.73,861.73,35620000
2019-01-24,861.63,866.49,861.04,865.52,865.52,35100000
2019-01-25,865.44,869.53,865.44,867.7,867.7,34850000
2019-01-28,867.6,871.56,865.9,868.76,868.76,24720000
2019-01-29,868.81,872.03,863.22,872.03,872.03,30050000
2019-01-30,872.01,872.01,867.92,869.16,869.16,33260000
2019-01-31,869.38,874.09,863.85,866.06,866.06,46950000
2019-2-1,866.01,868.15,859.38,859.81,859.81,41900000
2019-2-11,862.2,878.67,862.2,878.67,878.67,39940000
2019-2-12,878.69,890.16,878.68,888.33,888.33,62160000
2019-02-13,888.33,897.42,887.6,897.42,897.42,65640000
2019-02-14,897.42,904.11,897.3,900.12,900.12,50280000
2019-02-15,900.14,903.11,895.13,897.74,897.74,50970000
2019-02-18,899.75,904.93,899.74,904.93,904.93,51220000
2019-02-19,905.09,915.31,905.09,907.82,907.82,78090000
2019-02-20,907.82,913.51,906.64,911.8,911.8,53100000
2019-02-21,912.83,926.09,911.38,926.09,926.09,63250000
2019-02-22,926.3,934.65,920.78,929.5,929.5,74940000
2019-02-25,929.57,944.01,929.57,939.47,939.47,68470000
2019-02-26,939.56,941.45,922.93,929.51,929.51,58440000
2019-02-27,929.51,935.76,928.59,930.54,930.54,54960000
2019-02-28,930.37,930.81,904.98,904.98,904.98,71560000
2019-3-1,904.96,915.99,904.96,915.32,915.32,39640000
2019-3-4,915.39,929.28,915.39,928.42,928.42,51480000
2019-3-5,928.25,931.23,922.05,923.66,923.66,56230000
2019-3-6,923.66,926.32,916.89,923.58,923.58,36430000
2019-3-7,923.77,930.79,922.29,922.29,922.29,51390000
2019-3-8,922.16,922.16,913.39,914.74,914.74,41840000
2019-3-11,915,918.73,911.88,916.24,916.24,32010000
2019-3-12,919.21,929.86,919.21,929.86,929.86,59910000
2019-03-13,929.86,939.17,929.86,935.41,935.41,72240000
2019-03-14,935.41,937.82,931.33,934.42,934.42,51530000
2019-03-15,934.87,934.87,924.45,927.06,927.06,72930000
2019-03-18,927.16,935.16,926.85,932.75,932.75,61800000
2019-03-19,933.56,935.67,924.91,927.56,927.56,56480000
2019-03-20,927.54,927.54,914.77,924.12,924.12,59410000
2019-03-21,924.22,928.32,907.87,907.87,907.87,53920000
2019-03-22,907.94,914.69,906.64,912.27,912.27,46660000
2019-03-25,912.1,912.1,889.17,893.4,893.4,53510000
2019-03-26,893.78,901.81,892.47,894.58,894.58,38010000
2019-03-27,895.71,903.35,895.71,901.76,901.76,32700000
2019-03-28,901.51,903.88,898.17,901.65,901.65,31100000
2019-03-29,901.65,906.84,900.13,900.13,900.13,45010000
2019-4-1,900.17,905.94,900.17,905.87,905.87,40150000
2019-4-2,907.18,912.94,902.43,903.59,903.59,35220000
2019-4-3,903.59,903.59,897.47,901.5,901.5,34510000
2019-4-4,901.5,906.29,900.97,904.33,904.33,32080000
2019-4-5,904.33,905.76,902.77,904.69,904.69,30170000
2019-4-8,904.92,907.2,900.97,906.55,906.55,33280000
2019-4-9,906.46,908.94,898.8,900.07,900.07,42510000
2019-4-10,899.91,899.91,887.75,893.19,893.19,34640000
2019-4-11,893.6,896.68,892.62,896.04,896.04,24750000
2019-4-12,895.95,895.95,891.71,893.1,893.1,27810000
2019-04-16,890.81,890.81,877.38,887.76,887.76,36540000
2019-04-17,886.65,891.78,885.64,885.66,885.66,34640000
2019-04-18,884.29,887.48,876.2,877.02,877.02,39360000
2019-04-19,877.07,884.77,877.07,880.52,880.52,26150000
2019-04-22,880.9,880.9,873.55,878.23,878.23,34290000
2019-04-23,878.38,881.67,875.05,878.29,878.29,37900000
2019-04-24,877.97,889.02,877.97,888.65,888.65,35010000
2019-04-25,888.57,888.91,883.72,885.65,885.65,29180000
2019-04-26,885.47,890.69,882.58,890.55,890.55,34570000
2019-5-2,890.6,893.89,889.61,893.87,893.87,36440000
2019-5-3,893.8,895.7,889.2,895.42,895.42,47860000
2019-5-6,893.83,893.83,875.71,878.8,878.8,41220000
2019-5-7,880.06,885.23,876.18,877.02,877.02,36430000
2019-5-8,872.22,874.89,867.18,872.78,872.78,38550000
2019-5-9,872.71,875.89,868.73,871.5,871.5,39320000
2019-5-10,871.28,877.59,871.28,876.45,876.45,34860000
2019-05-13,876.16,879.64,874.68,879.64,879.64,37920000
2019-05-14,879.14,882.67,871.96,882.67,882.67,39070000
2019-05-15,882.99,893.68,882.99,893.22,893.22,46180000
2019-05-16,893.7,896.34,891.93,891.93,891.93,39250000
2019-05-17,892.93,893.44,888.56,890.53,890.53,40030000
2019-05-20,890.16,901.06,888.12,901.06,901.06,42540000
2019-05-21,901.79,907.64,900.97,901.36,901.36,43010000
2019-05-22,901.49,906.99,897.27,897.66,897.66,43390000
2019-05-23,897.66,899.02,892.08,895.07,895.07,30510000
2019-05-24,894.22,898.24,884.48,884.48,884.48,44870000
2019-05-27,884.29,889.45,883.95,889.2,889.2,29660000
2019-05-28,888.8,891.61,883.53,885.27,885.27,30930000
2019-05-29,886.12,886.98,882,883.52,883.52,33830000
2019-05-30,883.51,888.68,879.58,883.37,883.37,29870000
2019-05-31,883.39,884.75,875.77,876.29,876.29,34300000
2019-6-3,875.64,875.64,858.64,864.08,864.08,51470000
2019-6-4,864.27,868.67,857.94,864.35,864.35,32530000
2019-6-5,866.79,871.91,863.69,863.69,863.69,27110000
2019-6-6,863.81,865.16,851.47,861.31,861.31,38240000
2019-6-7,860.64,869.56,860.64,869.56,869.56,33450000
2019-6-10,869.68,877.45,866.79,872.49,872.49,44470000
2019-6-11,872.49,874.32,870,870.91,870.91,29460000
2019-6-12,870.48,871.64,865.42,865.42,865.42,32450000
2019-06-13,865.29,865.29,857.72,859.68,859.68,32320000
2019-06-14,859.53,864.29,859.08,861.65,861.65,34400000
2019-06-17,861.37,862.36,851.14,852.99,852.99,40070000
2019-06-18,852.62,853.95,845.4,848.17,848.17,43000000
2019-06-19,850.34,854.81,850.34,854.34,854.34,39850000
2019-06-20,854.9,867.91,853.96,864.59,864.59,53360000
2019-06-21,864.59,870.35,864.44,866.53,866.53,72300000
2019-06-24,866.63,873.33,866.63,868.94,868.94,40700000
2019-06-25,867.73,870.37,866.25,868.5,868.5,38480000
2019-06-26,868.16,870.52,865.67,866.81,866.81,41570000
2019-06-27,866.84,867.08,854.41,854.41,854.41,44970000
2019-06-28,854.49,864.24,847.77,864.24,864.24,43760000
2019-7-1,864.24,876.39,864.24,876.26,876.26,49230000
2019-7-2,876.27,877.08,870.71,872.92,872.92,38740000
2019-7-3,872.92,872.92,865.59,869.58,869.58,42590000
2019-7-4,869.58,879.72,869.58,879.72,879.72,49310000
2019-7-5,879.49,882.19,876.28,880.23,880.23,41270000
2019-7-8,878.96,878.96,867.35,870.92,870.92,44400000
2019-7-9,871.19,872.52,866.32,872.21,872.21,41060000
2019-7-10,872.21,878.32,872.2,876.12,876.12,41860000
2019-7-11,876.12,880.88,876.12,879.1,879.1,39210000
2019-7-12,880.06,883.15,874.56,874.99,874.99,46830000
2019-07-15,875.28,876.82,870.84,873.71,873.71,42050000
2019-07-16,873.74,880.91,873.74,880.91,880.91,48670000
2019-07-17,880.69,882.85,877.59,879.75,879.75,59850000
2019-07-18,879.66,879.66,870.81,870.81,870.81,44970000
2019-07-19,870.97,881.16,870.97,880.79,880.79,63930000
2019-07-22,880.49,885.42,878.39,879.62,879.62,48840000
2019-07-23,879.42,889.04,878.22,888.26,888.26,48220000
2019-07-24,888.63,892.81,885.66,887.39,887.39,46410000
2019-07-25,887.43,892.31,885.19,890.41,890.41,54560000
2019-07-26,890.44,891.9,886.09,887.84,887.84,45310000
2019-07-29,887.96,889.97,880.92,888.54,888.54,44920000
2019-07-30,888.7,892.38,877.92,877.92,877.92,44930000
2019-07-31,877.8,885.86,874.39,883.19,883.19,43400000
2019-8-1,884.29,887.39,881.52,887.39,887.39,41760000
2019-8-2,887.06,887.06,877.76,885.29,885.29,54740000
2019-8-5,883.34,884.09,872.39,872.39,872.39,53470000
2019-8-6,870.82,870.82,858.02,866.13,866.13,52910000
2019-8-7,866.13,872.05,863.57,868.27,868.27,40020000
2019-8-8,868.2,877.32,866.69,875.81,875.81,58880000
2019-8-9,875.81,880.29,874.51,878.62,878.62,46670000
2019-8-12,878.56,883.41,877.33,882.23,882.23,44750000
2019-08-13,882.23,882.23,875.32,877.97,877.97,59070000
2019-08-14,880.04,886.8,880.04,880.51,880.51,44300000
2019-08-15,874.42,890.78,867.95,890.78,890.78,50400000
2019-08-16,890.39,900.31,886.87,892.44,892.44,70250000
2019-08-19,892.32,897.03,889.34,891.78,891.78,39310000
2019-08-20,891.73,894.86,890.96,894.45,894.45,41240000
2019-08-21,894.45,901.25,892.05,900.54,900.54,56160000
2019-08-22,901.28,904.41,899.58,901.29,901.29,46930000
2019-08-23,901.53,902.5,896.87,900.53,900.53,49590000
2019-08-26,899.1,899.1,887.05,892.48,892.48,65310000
2019-08-27,892.48,899.29,886.91,886.91,886.91,59290000
2019-08-28,886.82,890.58,885.23,886.08,886.08,41620000
2019-08-29,886.04,889.13,882.14,889.13,889.13,42610000
2019-08-30,888.94,893.57,888.83,892.51,892.51,40840000
2019-9-3,892.83,894.11,886.02,888.97,888.97,45770000
2019-9-4,888.95,890.31,883.91,887.12,887.12,41240000
2019-9-5,887.21,891.43,886.1,886.1,886.1,42080000
2019-9-6,885.93,889.49,884.9,885.95,885.95,40540000
2019-9-9,885.95,887.01,883.43,885.61,885.61,37160000
2019-9-10,885.84,888.57,881.04,883.04,883.04,46270000
2019-9-11,882.9,886.12,881.34,885.52,885.52,34850000
2019-9-12,886.12,894.32,886.12,894.32,894.32,48190000
2019-09-13,894.21,905.31,893.8,905.05,905.05,67620000
2019-09-16,905,909.7,902.82,908.6,908.6,52500000
2019-09-17,908.6,912.89,904.36,912.38,912.38,49770000
2019-09-18,912.42,915.09,911.08,913.48,913.48,64920000
2019-09-19,913.4,918.88,909.88,918.88,918.88,57540000
2019-09-20,918.88,920.77,914.55,915.16,915.16,72090000
2019-09-23,914.73,918.42,909.98,909.98,909.98,63690000
2019-09-24,909.98,914.02,908.03,910.76,910.76,50420000
2019-09-25,910.57,913.33,906.6,912.42,912.42,51190000
2019-09-26,912.91,918.1,911.57,918.1,918.1,61820000
2019-09-27,918.1,925.58,917.72,924.83,924.83,64120000
2019-09-30,924.83,930.88,922.62,922.89,922.89,63290000
2019-10-1,922.87,926.31,921.69,926.31,926.31,59810000
2019-10-2,926.44,927.43,917.68,919.73,919.73,69140000
2019-10-3,919.63,921.7,911.6,921.7,921.7,63660000
2019-10-4,921.7,924.36,915.16,915.16,915.16,62010000
2019-10-7,915.62,917.36,907.5,907.5,907.5,60840000
2019-10-8,907.06,915.34,906.88,915.27,915.27,65240000
2019-10-9,915.38,917.9,912.48,914.54,914.54,62570000
2019-10-10,914.59,917.08,912.2,913.05,913.05,54840000
2019-10-11,913.05,917.14,912.94,916.68,916.68,61850000
2019-10-14,916.81,924.69,916.81,921.91,921.91,81660000
2019-10-15,921.95,924.79,920.63,923.27,923.27,55000000
2019-10-16,923.26,927.91,923.26,924.64,924.64,55090000
2019-10-17,924.53,924.79,919.1,919.1,919.1,65010000
2019-10-18,919.92,922.62,916.87,919.13,919.13,57610000
2019-10-21,918.02,918.81,913.94,914,914,63510000
2019-10-22,914.04,917.61,912.7,916.81,916.81,59080000
2019-10-23,916.81,919.61,915.87,919.61,919.61,55200000
2019-10-24,919.54,925.25,919.17,925.25,925.25,59250000
2019-10-25,925.49,927.05,923.56,927.05,927.05,56300000
2019-10-28,927.96,929.93,925.8,925.97,925.97,60010000
2019-10-29,925.67,928.38,923.97,923.97,923.97,59000000
2019-10-30,923.98,928.85,922.67,925.07,925.07,56670000
2019-10-31,925.02,928.88,922.06,922.68,922.68,63150000
2019-11-1,922.46,934.21,922.46,933.55,933.55,76840000
2019-11-4,933.96,941.46,932.31,940.25,940.25,87340000
2019-11-5,940.53,944.62,938.73,942.34,942.34,71490000
2019-11-6,942.4,945.43,940.76,942.38,942.38,75020000
2019-11-7,942.38,945.26,940.23,944.25,944.25,76230000
2019-11-8,944.28,948.37,942.19,944.7,944.7,74210000
2019-11-11,944.72,946.55,938.78,939.72,939.72,80100000
2019-11-12,939.72,942.55,937.95,939.82,939.82,66250000
2019-11-13,939.82,941.13,930.84,932.6,932.6,76760000
2019-11-14,932.45,935.72,927.14,928.44,928.44,78620000
2019-11-15,928.82,930.84,922.59,927.36,927.36,66130000
2019-11-18,927.49,929.18,920.52,920.95,920.95,69840000
2019-11-19,921,926.07,919.95,926.07,926.07,63690000
2019-11-20,925.94,926.67,917,917,917,72570000
2019-11-21,917,917.06,898.23,898.23,898.23,83040000
2019-11-22,898.93,906.93,885.83,892.31,892.31,82100000
2019-11-25,892.31,896.43,886.81,894.8,894.8,63820000
2019-11-26,895.36,900.72,895.36,897.5,897.5,68550000
2019-11-27,898.58,901.1,894.8,895.06,895.06,58430000
2019-11-28,894.45,895.42,883.16,885.7,885.7,69370000
2019-11-29,885.9,888.41,882.68,887.47,887.47,60330000
2019-12-2,887.47,889.47,875.1,875.1,875.1,76460000
2019-12-3,874.9,877.96,865.74,868.68,868.68,77470000
2019-12-4,868.79,883.56,865.31,883.56,883.56,74530000
2019-12-5,883.33,886.36,878.39,879.32,879.32,61680000
2019-12-6,878.28,882.59,875.99,880.43,880.43,60750000
2019-12-9,880.39,882.58,876.01,879.94,879.94,64150000
2019-12-10,879.95,880.22,870.25,873.16,873.16,72500000
2019-12-11,873.38,878.27,869.15,878.27,878.27,66720000
2019-12-12,878.27,885.73,878.27,884.8,884.8,57450000
2019-12-13,884.98,888.53,880.55,880.55,880.55,65820000
2019-12-16,880.55,880.55,874.06,876.65,876.65,67010000
2019-12-17,876.5,877.63,867.13,867.44,867.44,72410000
2019-12-18,866.61,867.69,861.05,863.16,863.16,69570000
2019-12-19,863.16,867.25,858.76,862.23,862.23,68010000
2019-12-20,862.23,869.52,862.23,868.37,868.37,69390000
2019-12-23,868.37,872.75,867.92,868.2,868.2,72190000
2019-12-24,868.14,869.9,864.86,869.88,869.88,57930000
2019-12-25,869.93,874.93,869.22,873.18,873.18,53690000
2019-12-26,873.17,874.87,869.57,872.07,872.07,40380000
2019-12-27,872.11,876.38,867.95,876.38,876.38,26810000
2019-12-30,876.61,881.27,876.13,880.29,880.29,33520000
2019-12-31,880.42,881.98,876.66,879.06,879.06,44430000
2020-1-2,879.02,886.88,876.87,886.88,886.88,50390000
2020-1-3,887.11,890.38,883.18,883.28,883.28,43220000
2020-1-6,882.51,882.51,872.34,872.34,872.34,36870000
2020-1-7,872.32,877.34,870.49,876.7,876.7,40280000
2020-1-8,876.64,876.64,861.51,865.18,865.18,53100000
2020-1-9,867.27,878.43,867.27,877.76,877.76,45710000
2020-1-10,877.85,888.09,877.7,885.52,885.52,72860000
2020-01-13,885.52,885.52,881.35,881.79,881.79,32550000
2020-01-14,881.77,886.83,880.58,884.77,884.77,50680000
2020-01-15,884.95,886.33,882.79,885.36,885.36,35670000
2020-01-16,885.36,892.2,883.83,891.96,891.96,63480000
2020-01-17,891.66,897.63,891.36,894.84,894.84,48880000
2020-01-20,894.6,897.4,891.75,897.4,897.4,39720000
2020-01-21,897.97,907.51,897.97,906.52,906.52,57330000
2020-01-22,906.52,909.41,903.27,909.09,909.09,51710000
2020-01-30,908.2,908.2,870.53,875.82,875.82,80140000
2020-01-31,875.43,876.59,848.63,848.63,848.63,83270000
2020-2-3,848.42,848.42,803.73,842.67,842.67,91770000
2020-2-4,842.79,849.8,833.93,845.52,845.52,73130000
2020-2-5,845.65,854.72,840.41,845.31,845.31,63590000
2020-2-6,845.38,862.86,842.68,862.86,862.86,97620000
2020-2-7,862.71,865.91,858.02,863.49,863.49,72830000
2020-2-10,863.28,863.28,848.21,852.87,852.87,46860000
2020-2-11,853.09,859.38,853.09,856.39,856.39,70070000
2020-2-12,856.64,870.1,856.64,863.23,863.23,80780000
2020-02-13,862.72,864.79,858.46,864.16,864.16,58430000
2020-02-14,865.03,868.84,863.14,865.86,865.86,74650000
2020-02-17,865.83,867.45,862.75,866.27,866.27,58440000
2020-02-18,866.06,866.61,858.61,861.71,861.71,60230000
2020-02-19,860.23,865.4,859.65,863.84,863.84,52570000
2020-02-20,864,872.86,864,871.4,871.4,59010000
2020-02-21,871.49,877.52,868.59,868.89,868.89,66760000
2020-02-24,867.56,867.56,837.4,837.4,837.4,95170000
2020-02-25,836.54,849.58,827.81,849.58,849.58,69290000
2020-02-26,849.56,849.56,837.52,841.68,841.68,54640000
2020-02-27,841.19,849.18,836.56,848.34,848.34,55420000
2020-02-28,844.02,844.02,823.09,831.97,831.97,69890000
2020-3-2,831.25,837.99,827.23,835.42,835.42,69310000
2020-3-3,835.14,846.21,835.14,837.99,837.99,64180000
2020-3-4,838.02,839.26,831.2,837.99,837.99,52990000
2020-3-5,838.93,846.58,836.32,839.12,839.12,67020000
2020-3-6,838.77,838.77,827.12,835.97,835.97,53910000
2020-3-9,835.65,835.65,781.12,782.85,782.85,107130000
2020-3-10,782.85,794.88,762.34,789.51,789.51,90060000
2020-3-11,789.75,795.98,746.83,758.16,758.16,99250000
2020-3-12,757.9,757.9,710.33,719.21,719.21,113240000
2020-03-13,715.34,722.3,674.36,716.65,716.65,113470000
2020-03-16,716.65,716.65,688.8,698.18,698.18,74030000
2020-03-17,698,702.36,673.21,699.73,699.73,80440000
2020-03-18,699.73,705.3,695.42,700.65,700.65,77440000
2020-03-19,699.35,699.35,669.04,679.55,679.55,73190000
2020-03-20,679.78,683.55,668.9,673.7,673.7,81170000
2020-03-23,671.05,671.05,628.46,632.86,632.86,81060000
2020-03-24,632.63,633.97,619.07,625.43,625.43,85900000
2020-03-25,625.83,652.31,625.83,652.31,652.31,86270000
2020-03-26,651.94,655.06,639.02,646.7,646.7,74100000
2020-03-27,646.61,649.17,633.41,642.23,642.23,102650000
2020-03-30,641.92,641.92,605,613.02,613.02,81040000
2020-03-31,613.33,629.08,598.6,610.76,610.76,77470000
2020-4-1,609.35,631.6,606.03,628.79,628.79,73250000
2020-4-3,630.37,649.15,630.37,649.15,649.15,84130000
2020-4-6,649.15,682.65,649.15,682.65,682.65,127160000
2020-4-7,682.65,695.45,677.03,693.61,693.61,117080000
2020-4-8,693.66,693.66,675.26,691.17,691.17,76670000
2020-4-9,691.17,704.18,691.17,697.85,697.85,111270000
2020-4-10,697.9,701.77,687.18,695.74,695.74,146870000
2020-04-13,695.84,714.58,695.84,706.37,706.37,82300000
2020-04-14,706.37,713.81,699.03,713.81,713.81,94920000
2020-04-15,714.39,726.2,714.39,722.8,722.8,91990000
2020-04-16,721.73,726.71,714.52,726.57,726.57,72700000
2020-04-17,727.51,736.17,727.51,734.98,734.98,100570000
2020-04-20,736.1,742.27,729.52,736.31,736.31,99010000
2020-04-21,734.14,734.14,702.61,706.65,706.65,128950000
2020-04-22,706.54,718.62,692.03,714.42,714.42,86110000
2020-04-23,715.62,729.99,715.62,717.49,717.49,63430000
2020-04-24,717.49,725.52,711.14,725.05,725.05,64550000
2020-04-27,724.76,735.28,719.66,719.66,719.66,81800000
2020-04-28,719.45,721.73,711.84,715.74,715.74,64780000
2020-04-29,715.74,719.18,713.62,715.33,715.33,69760000
2020-5-4,714.9,716.05,706.47,709.35,709.35,65870000
2020-5-5,710.22,714.59,707.49,711.01,711.01,48700000
2020-5-6,711.34,725.94,709.77,725.94,725.94,77210000
2020-5-7,726.17,739.98,726.17,739.98,739.98,82600000
2020-5-8,740.14,773.22,740.14,760.15,760.15,146260000
2020-5-11,760.86,777.13,760.66,777.13,777.13,107520000
2020-5-12,777.35,783.77,766.7,782.45,782.45,104560000
2020-05-13,781.85,788.06,760.2,783.69,783.69,122450000
2020-05-14,783.69,785.1,773.62,780.73,780.73,86240000
2020-05-15,780.73,785.26,771.25,773.95,773.95,80440000
2020-05-18,773.95,787.27,770.61,787.27,787.27,81990000
2020-05-19,787.53,808.17,787.53,799.31,799.31,119340000
2020-05-20,799.28,803.35,793.75,803.32,803.32,97440000
2020-05-21,803.57,815.55,802.49,815.55,815.55,134970000
2020-05-22,815.51,815.51,802.82,803.14,803.14,95160000
2020-05-25,803.35,809.12,799.23,807.25,807.25,81740000
2020-05-26,807.55,815.96,807.55,815.01,815.01,101930000
2020-05-27,816.04,821.36,801.36,801.36,801.36,119120000
2020-05-28,801.38,810.43,800.16,804.06,804.06,91470000
2020-05-29,804,808.83,801.46,806.23,806.23,76810000
2020-6-1,806.44,821.47,806.44,821.47,821.47,176780000
2020-6-2,821.89,827.11,818.12,818.7,818.7,147390000
2020-6-3,819.02,824.54,818.33,824.29,824.29,89260000
2020-6-4,824.3,831.49,823.51,823.77,823.77,135470000
2020-6-5,823.46,826.47,818.33,826.47,826.47,147690000
2020-6-8,826.79,845.63,826.79,838.52,838.52,155920000
2020-6-9,839.19,843.58,836.13,837.02,837.02,152490000
2020-6-10,836.8,842.21,827.6,839.11,839.11,164040000
2020-6-11,839.11,842.76,806.64,806.87,806.87,191850000
2020-6-12,803.11,807.76,782.7,807.76,807.76,183060000
2020-06-15,808.58,813.59,778.71,778.71,778.71,141900000
2020-06-16,779.8,801.42,779.8,798.82,798.82,84860000
2020-06-17,798.82,802.06,793.2,796.43,796.43,76200000
2020-06-18,795.84,800.03,788.72,797.08,797.08,58890000
2020-06-19,797.21,808.28,797.03,808.28,808.28,81050000
2020-06-22,808.58,812.99,805.24,809.97,809.97,68480000
2020-06-23,809.53,812.24,803.96,807.61,807.61,95810000
2020-06-24,807.9,813.47,799.35,801.62,801.62,74690000
2020-06-25,801.29,801.29,791.38,796.51,796.51,74550000
2020-06-26,796.7,803.88,793.08,795.53,795.53,53640000
2020-06-29,795.11,795.11,768.99,774.81,774.81,97110000
2020-06-30,774.84,784.44,765.62,770.53,770.53,74260000
2020-7-1,770.23,787.38,770.02,786.82,786.82,56960000
2020-7-2,786.82,788.88,781.45,785.59,785.59,54060000
2020-7-3,785.81,790.3,785.81,789.87,789.87,43300000
2020-7-6,790.08,803.76,790.08,803.46,803.46,74210000
2020-7-7,803.61,812.48,803.61,805.68,805.68,87360000
2020-7-8,805.67,807.09,801.57,805.06,805.06,52130000
2020-7-9,805.12,819.45,805.12,817.08,817.08,81030000
2020-7-10,816.76,817.67,806.67,809.02,809.02,71220000
2020-07-13,809.03,814.35,802.5,806.17,806.17,65610000
2020-07-14,805.21,805.92,798.21,805.37,805.37,60120000
2020-07-15,805.38,815.09,805.38,810.16,810.16,53470000
2020-07-16,810.16,819.83,809.41,819.83,819.83,64520000
2020-07-17,819.27,819.27,812.61,814.16,814.16,65440000
2020-07-20,814,814,803.36,803.36,803.36,69310000
2020-07-21,803.55,806.34,799.98,804.7,804.7,62630000
2020-07-22,804.26,806.93,797.82,797.85,797.85,65220000
2020-07-23,797.85,800.29,794.59,800.29,800.29,73620000
2020-07-24,798.89,798.89,760.56,772.29,772.29,142230000
2020-07-27,767.3,767.3,726.02,729.93,729.93,127330000
2020-07-28,730.55,757.5,730.55,756.17,756.17,106760000
2020-07-29,755.14,755.14,722.85,735.16,735.16,95380000
2020-07-30,735.3,746.74,735.3,746.02,746.02,51150000
2020-07-31,745.33,747.56,731.14,740.73,740.73,58080000
2020-8-3,740.33,758.3,738.64,757.86,757.86,75710000
2020-8-4,759.19,768.46,759.19,768.22,768.22,62080000
2020-8-5,768.22,782.09,761.26,780.71,780.71,84980000
2020-8-6,780.69,787.27,776.04,781.6,781.6,64070000
2020-8-7,781.61,785.99,778.45,782.15,782.15,68200000
2020-8-10,782.5,791.67,782.5,784.3,784.3,79380000
2020-8-11,784.74,788.92,781.04,784.57,784.57,60220000
2020-8-12,784.58,790.01,784.23,788.42,788.42,71950000
2020-08-13,789.26,795.69,789.26,795.09,795.09,62110000
2020-08-14,795.13,801.61,789.12,791.98,791.98,85640000
2020-08-17,791.89,793.61,782.52,791.54,791.54,57170000
2020-08-18,791.6,792.13,784.93,786.95,786.95,41660000
2020-08-19,787.23,791.85,786.01,789.41,789.41,51470000
2020-08-20,789.41,793.35,783.57,786.11,786.11,65870000
2020-08-21,786.14,795.05,786.14,793.6,793.6,78120000
2020-08-24,793.46,810.17,793.46,809.69,809.69,102480000
2020-08-25,809.34,818.94,809.34,815.18,815.18,107200000
2020-08-26,815.19,816.68,811.45,812.36,812.36,89050000
2020-08-27,812.47,814.64,810.68,814.55,814.55,72350000
2020-08-28,814.55,828.88,814.55,821.93,821.93,102830000
2020-08-31,822.01,831.76,820.66,823.93,823.93,82420000
2020-9-1,823.93,832.87,821.74,832.03,832.03,78820000
2020-9-3,832.27,844.27,832.27,843.64,843.64,104710000
2020-9-4,843.22,843.22,833.54,840.54,840.54,103340000
2020-9-7,840.64,843.8,824.36,824.36,824.36,98250000
2020-9-8,824.62,829.22,819.02,827.57,827.57,81330000
2020-9-9,827.5,828.38,816.51,824.42,824.42,82990000
2020-9-10,824.42,832.61,824.42,825.85,825.85,67660000
2020-9-11,825.81,827.83,821.97,825.56,825.56,64100000
2020-09-14,825.69,833.09,825.69,832.24,832.24,65500000
2020-09-15,832.27,835.42,831.13,833.33,833.33,87510000
2020-09-16,833.31,834.52,831.33,834.5,834.5,54110000
2020-09-17,834.6,837.76,829.08,831.84,831.84,96610000
2020-09-18,831.84,842.1,831.84,841.26,841.26,94170000
2020-09-21,841.28,852.65,841.28,851.54,851.54,106120000
2020-09-22,851.54,854.69,846.03,852.72,852.72,130390000
2020-09-23,852.88,860.34,852.88,858.3,858.3,111920000
2020-09-24,858.14,858.89,852.29,853.21,853.21,90210000
2020-09-25,853.19,856.79,850.1,854.71,854.71,105360000
2020-09-28,854.84,863.98,854.84,863.31,863.31,134680000
2020-09-29,863.59,871.99,856.2,856.2,856.2,135080000
2020-09-30,856.2,860.1,852.54,858.54,858.54,104920000
2020-10-1,859.27,868.3,859.27,867.58,867.58,106520000
2020-10-2,867.58,870.8,850.61,861.51,861.51,164530000
2020-10-5,861.51,869.09,861.51,867.7,867.7,115090000
2020-10-6,867.74,872.39,866.12,871.37,871.37,148280000
2020-10-7,870.98,876.31,867.06,870.85,870.85,157150000
2020-10-8,870.88,873.13,864.55,869.82,869.82,139810000
2020-10-9,869.8,875.52,868.36,874.53,874.53,115720000
2020-10-12,874.72,882.84,871.58,874.9,874.9,130260000
2020-10-13,874.58,879.25,872.36,878.35,878.35,103920000
2020-10-14,878.94,892.25,878.94,892.15,892.15,176570000
2020-10-15,896.5,901.71,893.94,899.2,899.2,167590000
2020-10-16,899.58,906.17,892.7,901.59,901.59,157350000
2020-10-19,899.61,906.16,899.61,903.51,903.51,142170000
2020-10-20,903.57,909.49,899.42,909.49,909.49,179990000
2020-10-21,909.49,918.14,905.08,906.1,906.1,152210000
2020-10-22,906.1,918.3,901.96,918.3,918.3,133650000
2020-10-23,918.84,930.59,918.84,930.3,930.3,163040000
2020-10-26,929.5,942.72,919.56,919.56,919.56,167430000
2020-10-27,919.56,926.52,914.72,915.46,915.46,189910000
2020-10-28,913.31,916,888.88,888.88,888.88,183440000
2020-10-29,887.99,894.19,879.74,886.68,886.68,151630000
2020-10-30,887.34,893.42,875.84,892.55,892.55,130030000
2020-11-2,892.68,900.03,889.83,899.27,899.27,83560000
2020-11-3,899.73,904.78,897.3,902.14,902.14,110880000
2020-11-4,902.38,910.59,900.74,905.48,905.48,112220000
2020-11-5,905.55,913.2,903.64,903.64,903.64,97630000
2020-11-6,903.68,907.67,899.51,902.91,902.91,79120000
2020-11-9,902.91,917.42,902.91,917.42,917.42,108930000
2020-11-10,917.45,929.66,916.5,916.5,916.5,137870000
2020-11-11,916.98,919.95,910.39,916.68,916.68,114390000
2020-11-12,916.89,923,916.21,923,923,85350000
2020-11-13,923.04,931.2,923,931.2,931.2,122990000
2020-11-16,931.4,939.1,915.23,915.97,915.97,173010000
2020-11-17,916.25,934.65,916.25,934.65,934.65,129180000
2020-11-18,935.24,939.62,931.18,937.67,937.67,153570000
2020-11-19,938.6,945.06,936.32,944.92,944.92,166090000
2020-11-20,944.85,950.89,942.28,950.89,950.89,125700000
2020-11-23,950.98,961.35,946.14,960.03,960.03,164650000
2020-11-24,959.99,964.53,948.67,959.61,959.61,184870000
2020-11-25,959.68,963.81,957.09,960.63,960.63,175120000
2020-11-26,960.29,964.16,953.46,964.16,964.16,156140000
2020-11-27,964.32,971.11,963.69,971.11,971.11,142660000
2020-11-30,971.39,975.46,965.89,965.89,965.89,168720000
2020-12-1,963.57,976.44,951.92,976.35,976.35,213410000
2020-12-2,976.27,981.28,973.58,979.95,979.95,187860000
2020-12-3,980.17,986.4,978.16,985.44,985.44,183520000
2020-12-4,985.91,988.68,983.03,984.34,984.34,182020000
2020-12-7,984.25,992.59,984.07,992.01,992.01,148300000
2020-12-8,992.01,996.64,988.71,993.61,993.61,153450000
2020-12-9,993.61,1004.61,993.61,1004.03,1004.03,180900000
2020-12-10,1004.42,1008.6,994.28,994.28,994.28,173560000
2020-12-11,994.34,1008.65,994.29,1008.65,1008.65,127660000
2020-12-14,1008.86,1024.28,1008.86,1024.28,1024.28,160380000
2020-12-15,1024.4,1025.34,1009.8,1013.02,1013.02,173340000
2020-12-16,1013.66,1029.72,1013.66,1029.72,1029.72,178530000
2020-12-17,1028.63,1028.63,1015.86,1016.95,1016.95,226640000
2020-12-18,1016.95,1037.98,1016.95,1036.65,1036.65,183610000
2020-12-21,1038,1052.85,1038,1049.71,1049.71,187660000
2020-12-22,1051.17,1053.81,1043.8,1052.23,1052.23,204620000
2020-12-23,1053.89,1058.91,1043.88,1045.7,1045.7,203330000
2020-12-24,1045.97,1051.56,1013.9,1033.95,1033.95,212710000
2020-12-25,1033.86,1052.16,1026.05,1052.13,1052.13,161860000
2020-12-28,1053.37,1063.09,1047.45,1054.23,1054.23,190250000
2020-12-29,1054.23,1062.61,1050.05,1058.39,1058.39,153420000
2020-12-30,1059.2,1069.5,1055.25,1059.16,1059.16,173020000
2020-12-31,1059.16,1074.02,1058.9,1070.77,1070.77,136030000
2021-1-4,1072.44,1097.61,1072.44,1091.87,1091.87,233730000
2021-1-5,1090.71,1106.29,1086.07,1104.3,1104.3,191640000
2021-1-6,1105.74,1125.63,1104.99,1113.72,1113.72,225230000
2021-1-7,1113.88,1130.59,1113.88,1130.59,1130.59,215400000
2021-1-8,1131,1156.38,1131,1147.86,1147.86,220090000
2021-1-11,1148.06,1165.99,1148.06,1163.4,1163.4,222790000
2021-1-12,1163.44,1169.38,1155.9,1169.03,1169.03,202520000
2021-01-13,1169.16,1178.44,1161.87,1164.57,1164.57,187360000
2021-01-14,1165.22,1169.97,1156.58,1168.99,1168.99,229620000
2021-01-15,1169.27,1185.46,1169.27,1182.2,1182.2,211720000
2021-01-18,1183.25,1188.53,1171.96,1173.34,1173.34,199290000
2021-01-19,1173.27,1173.61,1098.47,1107.32,1107.32,324710000
2021-01-20,1108.92,1121.97,1073.13,1116.21,1116.21,262600000
2021-01-21,1116.21,1152.9,1114.26,1151.3,1151.3,204600000
2021-01-22,1151.3,1164.45,1147.88,1156.58,1156.58,210390000
2021-01-25,1156.55,1164.7,1149.26,1154.29,1154.29,198480000
2021-01-26,1153.94,1155.32,1107.54,1125.09,1125.09,236710000
2021-01-27,1122.92,1125.25,1073.74,1083.63,1083.63,241010000
2021-01-28,1080.83,1080.83,1008.53,1010.75,1010.75,282130000
2021-01-29,1009.96,1070.05,978.85,1048.31,1048.31,242650000
2021-2-1,1048.01,1068.93,1029.21,1029.86,1029.86,175340000
2021-2-2,1029.55,1079.87,1025.18,1079.7,1079.7,162840000
2021-2-3,1080.23,1122.04,1080.23,1117.98,1117.98,204900000
2021-2-4,1117.52,1126.64,1103.11,1117.74,1117.74,155640000
2021-2-5,1117.92,1135.5,1117.92,1135.5,1135.5,139780000
2021-2-8,1135.5,1136.38,1077.4,1092.59,1092.59,228470000
2021-2-9,1092.67,1129.49,1089.85,1129.49,1129.49,173190000
2021-02-17,1130.19,1174.91,1130.19,1174.91,1174.91,174120000
2021-02-18,1174.8,1187.94,1162.48,1187.94,1187.94,183250000
2021-02-19,1186.7,1188.61,1168.18,1180.59,1180.59,166180000
2021-02-22,1180.48,1190.48,1172.71,1180.55,1180.55,175260000
2021-02-23,1180.38,1191.74,1174.18,1182.47,1182.47,195050000
2021-02-24,1182.76,1192.04,1161.13,1167.18,1167.18,178720000
2021-02-25,1168.22,1175.19,1158.06,1169.82,1169.82,158380000
2021-02-26,1169.37,1175.4,1153.41,1173.6,1173.6,178990000
2021-3-1,1173.72,1192.85,1173.72,1191.83,1191.83,191030000
2021-3-2,1192.6,1203.84,1188.01,1194.71,1194.71,169420000
2021-3-3,1194.78,1198.36,1189.14,1195.6,1195.6,154440000
2021-3-4,1195.62,1200.42,1164.63,1174.29,1174.29,183130000
2021-3-5,1174.36,1174.8,1157.45,1173.83,1173.83,205210000
2021-3-8,1175.19,1186.29,1164.78,1170,1170,164930000
2021-3-9,1169.89,1169.89,1150.18,1163,1163,159980000
2021-3-10,1163.43,1173.58,1154.29,1172.26,1172.26,156010000
2021-3-11,1172.94,1190.47,1172.94,1188.71,1188.71,167310000
2021-3-12,1188.74,1193.97,1184.64,1187.81,1187.81,147250000
2021-03-15,1187.84,1194.29,1184.32,1190.86,1190.86,149680000
2021-03-16,1191.08,1192.15,1177.05,1187.84,1187.84,163860000
2021-03-17,1188.31,1193.45,1183.83,1193.45,1193.45,193600000
2021-03-18,1193.71,1211.54,1193.71,1211.54,1211.54,155170000
2021-03-19,1211.08,1211.08,1201.17,1203.36,1203.36,171420000
2021-03-22,1204,1207.28,1194.79,1198.54,1198.54,161300000
2021-03-23,1198.49,1198.49,1182.22,1186.98,1186.98,155690000
2021-03-24,1186.04,1186.04,1157.69,1165.61,1165.61,190250000
2021-03-25,1165.8,1175.86,1159.25,1164.64,1164.64,165900000
2021-03-26,1164.38,1170.75,1143.08,1167.19,1167.19,172710000
2021-03-29,1167.3,1182.06,1167.3,1180.07,1180.07,145670000
2021-03-30,1180.21,1192.9,1175.9,1190.86,1190.86,217510000
2021-03-31,1190.86,1203.18,1189.47,1196.24,1196.24,171900000
2021-4-1,1196.62,1227.56,1196.39,1226.16,1226.16,222240000
2021-4-2,1226.84,1243.67,1226.84,1238.03,1238.03,199250000
2021-4-5,1240.24,1256.12,1240.24,1249.9,1249.9,219160000
2021-4-6,1248.43,1260.35,1245.16,1255.36,1255.36,222980000
2021-4-7,1255.36,1257.77,1248.15,1257.77,1257.77,213310000
2021-4-8,1257.75,1263.03,1249.45,1251.81,1251.81,161340000
2021-4-9,1251.71,1256.06,1245.26,1253.26,1253.26,173790000
2021-4-12,1254.39,1279.52,1254.39,1278.19,1278.19,267960000
2021-04-13,1278.31,1298.78,1276.74,1277.35,1277.35,255770000
2021-04-14,1277.31,1290.77,1263.89,1290.77,1290.77,207520000
2021-04-15,1291.83,1300.84,1283.98,1284.2,1284.2,236680000
2021-04-16,1283.18,1291.37,1262.52,1276.87,1276.87,247670000
2021-04-19,1277.11,1306.22,1271.52,1306.22,1306.22,210600000
2021-04-20,1308.03,1331.56,1303.68,1312.68,1312.68,244920000
2021-04-22,1312.33,1317.5,1271.53,1271.53,1271.53,232540000
2021-04-23,1271.52,1301.39,1262.89,1301.39,1301.39,245630000
2021-04-26,1301.39,1305.73,1269.78,1275.04,1275.04,216950000
2021-04-27,1274.32,1283.95,1264.57,1283.81,1283.81,171780000
2021-04-28,1283.81,1296.48,1280.54,1294.06,1294.06,206900000
2021-04-29,1294.79,1312.62,1294.79,1312.28,1312.28,242340000
2021-5-4,1312.08,1329.18,1285.9,1328.03,1328.03,274200000
2021-5-5,1328.47,1360.76,1328.47,1346.89,1346.89,274660000
2021-5-6,1346.93,1352.57,1337.28,1344.64,1344.64,226860000
2021-5-7,1344.09,1347.8,1329.51,1340.73,1340.73,291440000
2021-5-10,1339.75,1371.51,1335.39,1370.66,1370.66,302730000
2021-5-11,1370.71,1382.06,1359.19,1359.19,1359.19,262050000
2021-5-12,1358.59,1380.23,1350.8,1380.17,1380.17,264230000
2021-05-13,1379.19,1385.72,1370.18,1370.18,1370.18,271900000
2021-05-14,1370.14,1386.09,1370.14,1380.02,1380.02,251130000
2021-05-17,1381.13,1391.89,1371.22,1371.36,1371.36,254610000
2021-05-18,1371.75,1381.36,1367.85,1378.59,1378.59,252830000
2021-05-19,1378.97,1402.45,1378.43,1401.71,1401.71,279670000
2021-05-20,1402.31,1424.92,1396.23,1424.92,1424.92,270200000
2021-05-21,1424.77,1433.01,1412.78,1425.04,1425.04,267790000
2021-05-24,1425.11,1433.59,1421.17,1430.48,1430.48,256210000
2021-05-25,1428.42,1445.6,1427.56,1444.01,1444.01,209780000
2021-05-26,1443.93,1456.55,1440.6,1455.11,1455.11,233970000
2021-05-27,1455.48,1457.46,1433.76,1437.38,1437.38,264790000
2021-05-28,1437.74,1460.68,1433.55,1458.78,1458.78,300180000
2021-05-31,1459.04,1475.09,1449.66,1474.78,1474.78,293020000
2021-6-1,1473.28,1496.55,1473.28,1482.92,1482.92,255910000
2021-6-2,1482.92,1488.93,1469.49,1478.85,1478.85,277180000
2021-6-3,1479.75,1506.27,1479.75,1504.37,1504.37,318350000
2021-6-4,1504.18,1509.38,1496.36,1508.35,1508.35,336490000
2021-6-7,1508.08,1508.65,1472.1,1484.1,1484.1,309810000
2021-6-8,1481.88,1493.36,1436.72,1438.97,1438.97,328470000
2021-6-9,1438.47,1465.93,1426.04,1457.76,1457.76,279950000
2021-6-10,1457.17,1464.4,1443.74,1451.18,1451.18,253440000
2021-6-11,1451.43,1489.95,1448.46,1487.61,1487.61,264960000
2021-06-14,1488.88,1504.32,1483.82,1495.51,1495.51,249570000
2021-06-15,1495.51,1498.75,1481.03,1487.04,1487.04,239020000
2021-06-16,1486.76,1487.68,1462.99,1465.58,1465.58,241630000
2021-06-17,1463.98,1469.44,1445.39,1461.91,1461.91,211570000
2021-06-18,1461.96,1484.89,1461.96,1481.3,1481.3,198660000
2021-06-21,1481.15,1486.12,1473.11,1478.29,1478.29,205150000
2021-06-22,1481.13,1498.12,1481.13,1489.24,1489.24,211640000
2021-06-23,1489.27,1502.79,1485.13,1489.53,1489.53,197840000
2021-06-24,1489.51,1497.92,1482.38,1486.96,1486.96,175260000
2021-06-25,1486.99,1500.94,1480.64,1500.3,1500.3,180210000
2021-06-28,1502.02,1523.58,1502.02,1521.41,1521.41,215310000
2021-06-29,1521.51,1536.96,1521.51,1529.97,1529.97,203550000
2021-06-30,1529.97,1540.9,1528.1,1529,1529,192680000
2021-7-1,1529.09,1545.14,1525.24,1545.14,1545.14,253520000
2021-7-2,1546.54,1558.45,1546.54,1554.59,1554.59,242780000
2021-7-5,1559.94,1560.44,1533.18,1557.41,1557.41,309400000
2021-7-6,1557.92,1565.29,1488.42,1488.42,1488.42,298840000
2021-7-7,1501.44,1538.77,1472.81,1538.77,1538.77,306580000
2021-7-8,1530.4,1536.51,1509.9,1521.21,1521.21,218880000
2021-7-9,1521.21,1526.35,1480.6,1494.43,1494.43,287670000
2021-7-12,1494.43,1495.92,1406.14,1443.1,1443.1,412550000
2021-07-13,1443.1,1457.05,1419.09,1440.87,1440.87,174500000
2021-07-14,1440.87,1446.13,1395.16,1410.3,1410.3,215230000
2021-07-15,1410.3,1441.57,1402.36,1430.29,1430.29,189780000
2021-07-16,1439.96,1446.36,1433.16,1438.05,1438.05,152450000
2021-07-19,1403.96,1413.24,1367.61,1374.15,1374.15,268710000
2021-07-20,1379.41,1411.02,1357.31,1411.02,1411.02,221510000
2021-07-21,1415.71,1422.8,1402.42,1406.54,1406.54,149340000
2021-07-22,1404.49,1432.43,1400.2,1428.48,1428.48,162700000
2021-07-23,1422.07,1430.43,1401.53,1401.53,1401.53,235470000
2021-07-26,1397.01,1409.94,1384.87,1403.96,1403.96,152850000
2021-07-27,1415.5,1423.3,1408.8,1409.85,1409.85,190310000
2021-07-28,1406.25,1415.39,1402.6,1407.5,1407.5,120700000
2021-07-29,1419.55,1427.55,1413.59,1427.55,1427.55,166490000
2021-07-30,1430.48,1451.45,1428.85,1447.23,1447.23,224340000
2021-8-2,1443.6,1457.89,1438.35,1448.21,1448.21,198500000
2021-8-3,1449.97,1469.87,1449.33,1469.87,1469.87,225710000
2021-8-4,1476.82,1480.28,1465.66,1472.2,1472.2,218550000
2021-8-5,1469.13,1488.79,1465.1,1486.46,1486.46,193620000
2021-8-6,1488.11,1491.52,1476.79,1476.79,1476.79,211700000
2021-8-9,1472.78,1499.9,1467.32,1497.83,1497.83,206120000
2021-8-10,1506.5,1508.92,1490,1494.41,1494.41,185390000
2021-8-11,1497.13,1506.8,1487.91,1487.91,1487.91,245340000
2021-8-12,1487.1,1493.69,1477.06,1477.06,1477.06,184220000
2021-08-13,1477.72,1484.67,1463.48,1484.25,1484.25,207220000
2021-08-16,1490.7,1504.03,1487.52,1500.77,1500.77,258600000
2021-08-17,1508.41,1512.27,1488.74,1494.12,1494.12,217180000
2021-08-18,1493.12,1500.17,1484.26,1489.54,1489.54,192680000
2021-08-19,1489.74,1505.01,1479.6,1505.01,1505.01,206500000
2021-08-20,1495.67,1497.03,1436.24,1450.45,1450.45,348770000
2021-08-23,1443.67,1446.73,1412,1412,1412,250640000
2021-08-24,1415.71,1423.46,1406.94,1418.26,1418.26,203690000
2021-08-25,1420.74,1430.58,1411.07,1428.51,1428.51,153260000
2021-08-26,1432.37,1433.67,1408.08,1412.45,1412.45,152190000
2021-08-27,1403.99,1418.57,1391.88,1418.57,1418.57,202510000
2021-08-30,1427.48,1434.25,1420.77,1431.05,1431.05,154140000
2021-08-31,1435.52,1437.38,1425.71,1428.66,1428.66,152480000
2021-9-1,1425.35,1434.73,1423.08,1426.94,1426.94,176640000
2021-9-6,1433.03,1441.92,1429.55,1441.54,1441.54,208740000
2021-9-7,1446,1454.82,1441.69,1444.1,1444.1,205270000
2021-9-8,1447.43,1448.44,1431.38,1433.71,1433.71,152210000
2021-9-9,1432.84,1449.16,1431.55,1447.28,1447.28,166190000
2021-9-10,1451.78,1453.81,1447.44,1448.33,1448.33,139150000
2021-09-13,1450,1454.72,1444.71,1444.99,1444.99,162870000
2021-09-14,1444.24,1448.71,1436.98,1438.16,1438.16,148170000
2021-09-15,1433.17,1447.64,1432.76,1444.85,1444.85,130110000
2021-09-16,1452.89,1454.23,1442.77,1448.98,1448.98,134630000
2021-09-17,1452.31,1459.94,1451.38,1455.59,1455.59,188920000
2021-09-20,1468.11,1474.66,1454.95,1458.66,1458.66,180840000
2021-09-21,1444.75,1455.71,1433.77,1446.22,1446.22,167220000
2021-09-22,1449.44,1454.19,1440.02,1453.22,1453.22,122880000
2021-09-23,1456.46,1466,1453.02,1458.23,1458.23,138290000
2021-09-24,1460.63,1464.12,1456.89,1459.94,1459.94,141120000
2021-09-27,1462.86,1464.5,1439.2,1439.2,1439.2,148690000
2021-09-28,1433.7,1454.79,1430.89,1451.12,1451.12,141160000
2021-09-29,1450.73,1453.66,1440.55,1450.52,1450.52,169810000
2021-09-30,1452.76,1461.94,1452.55,1453.76,1453.76,118790000
2021-10-1,1450.9,1453.24,1438.52,1441.83,1441.83,188810000
2021-10-4,1442.87,1446.78,1433.05,1443.61,1443.61,220200000
2021-10-5,1446.77,1456.37,1444.49,1456.21,1456.21,152940000
2021-10-6,1461.98,1461.98,1453.78,1461.72,1461.72,157610000
2021-10-7,1467.95,1470.64,1460.87,1462.74,1462.74,142850000
2021-10-8,1466.78,1476.54,1463.07,1476.54,1476.54,137770000
2021-10-11,1481.29,1511.21,1480.31,1510.27,1510.27,211040000
2021-10-12,1514.78,1517.21,1504.24,1509.57,1509.57,162660000
2021-10-13,1512.73,1519.11,1502.19,1505.55,1505.55,137280000
2021-10-14,1504.85,1511.14,1498.21,1503.38,1503.38,159950000
2021-10-15,1508.37,1512.61,1499.7,1504.84,1504.84,151730000
2021-10-18,1508.88,1517.7,1505.39,1510.49,1510.49,167730000
2021-10-19,1512.1,1513.83,1503.89,1507.19,1507.19,142510000
2021-10-20,1510.38,1516.74,1486.26,1505.03,1505.03,182020000
2021-10-21,1509.05,1510.2,1489.26,1489.26,1489.26,166370000
2021-10-22,1495.32,1498.25,1486.57,1488.71,1488.71,127280000
2021-10-25,1492.35,1492.35,1476.97,1476.97,1476.97,202650000
2021-10-26,1474.36,1483.65,1467.02,1482.62,1482.62,143690000
2021-10-27,1487.45,1516.46,1485.12,1516.46,1516.46,201350000
2021-10-28,1522.11,1530.77,1513.12,1529.26,1529.26,190780000
2021-10-29,1529.42,1534.51,1521.04,1532.35,1532.35,197580000
2021-11-1,1534.17,1534.88,1513.98,1516.75,1516.75,252420000
2021-11-2,1514.91,1522.9,1514.75,1521.35,1521.35,186410000
2021-11-3,1526.38,1537.59,1519.39,1530.65,1530.65,324560000
2021-11-4,1531.92,1535.9,1524.54,1528.21,1528.21,173100000
2021-11-5,1531.06,1536.47,1523.16,1531.76,1531.76,156550000
2021-11-8,1535.12,1541.83,1528.71,1535.66,1535.66,219020000
2021-11-9,1539.25,1542.75,1524.36,1527.13,1527.13,210510000
2021-11-10,1530.69,1531.7,1518.89,1523.79,1523.79,204460000
2021-11-11,1524.73,1526.72,1503.77,1514.36,1514.36,258430000
2021-11-12,1514.96,1529.47,1504.52,1527.94,1527.94,152560000
2021-11-15,1534.16,1534.44,1521.94,1528.68,1528.68,232160000
2021-11-16,1527.11,1530.32,1513.5,1517.22,1517.22,214950000
2021-11-17,1517.67,1522.5,1513.65,1519.58,1519.58,165540000
2021-11-18,1522.39,1523.19,1503.42,1503.42,1503.42,256830000
2021-11-19,1507.45,1521.63,1486.59,1500.05,1500.05,322630000
2021-11-22,1503.19,1530.43,1502.25,1517.04,1517.04,274790000
2021-11-23,1518.39,1533.12,1513.23,1533.12,1533.12,173030000
2021-11-24,1534.87,1567.77,1530.61,1565.29,1565.29,371790000
2021-11-25,1573.29,1579.56,1567.67,1572.46,1572.46,255690000
2021-11-26,1576.52,1587,1564.39,1566.55,1566.55,286510000
2021-11-29,1541.22,1558.86,1541.22,1553.04,1553.04,270840000
2021-11-30,1567.44,1568.09,1531.82,1537.59,1537.59,254250000
2021-12-1,1536.67,1549.81,1531.2,1549.81,1549.81,183020000
